ciudad,res,capa,objetivo,corrida,celdas,total_objetivo,empates,abc,abc_pes,abc_opt,cob_5,techo_5,cob_10,techo_10,cob_15,techo_15,cob_20,techo_20,rho,p
CIUDAD MADERO,9,AXA,fis_hom,AXA-frecuencia -> homicidios Fiscalia,284,70.0,0.799,0.5166,0.5366,0.4966,15.7,60.0,50.0,80.0,52.9,100.0,57.4,100.0,0.184,0.0020331168252576007
CIUDAD MADERO,9,ATUS,fis_hom,ATUS-frecuencia -> homicidios Fiscalia,284,70.0,0.947,0.5769,0.7007,0.4531,11.4,60.0,18.8,80.0,40.0,100.0,54.8,100.0,0.004,0.9571688121267912
CIUDAD MADERO,9,AXA,atus_vru,AXA-frecuencia -> victimas VRU (ATUS),284,29.0,0.799,0.471,0.4919,0.45,37.9,62.1,47.4,100.0,48.3,100.0,51.7,100.0,0.231,0.00011108752259740345
CIUDAD MADERO,9,ATUS,atus_vru,ATUS-frecuencia -> victimas VRU (ATUS) [CIRCULAR],284,29.0,0.947,0.3641,0.4384,0.2897,29.7,62.1,41.8,100.0,51.7,100.0,58.0,100.0,0.192,0.010874013660142241
MATAMOROS,9,AXA,fis_hom,AXA-frecuencia -> homicidios Fiscalia,805,248.0,0.955,0.5224,0.6084,0.4363,24.6,46.0,33.9,62.1,40.8,78.6,52.8,94.8,0.122,0.002636825994829606
MATAMOROS,9,ATUS,fis_hom,ATUS-frecuencia -> homicidios Fiscalia,805,248.0,0.898,0.5363,0.5645,0.5081,20.7,46.0,34.8,62.1,44.8,78.6,49.6,94.8,0.21,7.128653614392412e-09
MATAMOROS,9,AXA,atus_vru,AXA-frecuencia -> victimas VRU (ATUS),805,332.0,0.955,0.5348,0.6234,0.4462,20.3,44.0,33.4,66.9,41.3,79.2,49.7,91.3,0.174,1.476151771878599e-05
MATAMOROS,9,ATUS,atus_vru,ATUS-frecuencia -> victimas VRU (ATUS) [CIRCULAR],805,332.0,0.898,0.248,0.2621,0.234,25.0,44.0,45.4,66.9,56.5,79.2,64.9,91.3,0.498,1.1874548379280817e-46
NUEVO LAREDO,9,AXA,fis_hom,AXA-frecuencia -> homicidios Fiscalia,739,208.0,0.958,0.7125,0.8072,0.6178,23.4,51.9,28.2,69.7,33.9,87.5,42.3,100.0,-0.023,0.5579670559015196
NUEVO LAREDO,9,ATUS,fis_hom,ATUS-frecuencia -> homicidios Fiscalia,739,208.0,0.936,0.5496,0.6038,0.4954,22.3,51.9,35.5,69.7,39.4,87.5,49.7,100.0,0.116,0.0035325842941065365
NUEVO LAREDO,9,AXA,atus_vru,AXA-frecuencia -> victimas VRU (ATUS),739,97.0,0.958,0.6305,0.7229,0.5381,15.9,55.7,22.6,93.8,36.7,100.0,49.7,100.0,0.135,0.0008961836331832889
NUEVO LAREDO,9,ATUS,atus_vru,ATUS-frecuencia -> victimas VRU (ATUS) [CIRCULAR],739,97.0,0.936,0.385,0.4238,0.3461,23.0,55.7,40.4,93.8,50.7,100.0,59.5,100.0,0.298,5.810292994066513e-14
REYNOSA,9,AXA,fis_hom,AXA-frecuencia -> homicidios Fiscalia,1073,324.0,0.967,0.6512,0.7539,0.5485,18.0,49.7,24.7,66.0,30.0,82.7,43.7,99.4,0.016,0.633981931104109
REYNOSA,9,ATUS,fis_hom,ATUS-frecuencia -> homicidios Fiscalia,1073,324.0,0.935,0.6044,0.6534,0.5554,16.5,49.7,32.7,66.0,40.4,82.7,49.9,99.4,0.111,0.0006354971298854913
REYNOSA,9,AXA,atus_vru,AXA-frecuencia -> victimas VRU (ATUS),1073,205.0,0.967,0.546,0.6373,0.4547,20.9,50.2,36.6,76.1,42.5,100.0,49.4,100.0,0.162,3.4093052462959087e-06
REYNOSA,9,ATUS,atus_vru,ATUS-frecuencia -> victimas VRU (ATUS) [CIRCULAR],1073,205.0,0.935,0.3678,0.3974,0.3381,27.6,50.2,38.0,76.1,50.7,100.0,61.4,100.0,0.331,7.612088753060424e-25
TAMPICO,9,AXA,fis_hom,AXA-frecuencia -> homicidios Fiscalia,423,154.0,0.818,0.4309,0.4436,0.4182,12.3,60.4,23.4,74.0,40.9,87.7,68.2,100.0,0.275,1.097953465807561e-08
TAMPICO,9,ATUS,fis_hom,ATUS-frecuencia -> homicidios Fiscalia,423,154.0,0.858,0.4388,0.4682,0.4095,18.2,60.4,33.8,74.0,47.1,87.7,50.0,100.0,0.263,5.969470462816299e-07
TAMPICO,9,AXA,atus_vru,AXA-frecuencia -> victimas VRU (ATUS),423,324.0,0.818,0.3478,0.3594,0.3361,20.1,39.2,34.3,58.0,44.8,71.0,56.5,82.1,0.474,1.0954371557854444e-24
TAMPICO,9,ATUS,atus_vru,ATUS-frecuencia -> victimas VRU (ATUS) [CIRCULAR],423,324.0,0.858,0.2006,0.212,0.1892,28.4,39.2,46.9,58.0,57.1,71.0,64.8,82.1,0.565,3.1253311763914084e-30
VICTORIA,9,AXA,fis_hom,AXA-frecuencia -> homicidios Fiscalia,522,139.0,0.937,0.643,0.7177,0.5683,21.3,41.7,31.7,60.4,40.6,79.1,46.0,97.8,0.048,0.3175189763159222
VICTORIA,9,ATUS,fis_hom,ATUS-frecuencia -> homicidios Fiscalia,522,139.0,0.868,0.6197,0.6629,0.5765,10.1,41.7,20.5,60.4,26.1,79.1,51.1,97.8,0.142,0.002147604559182938
VICTORIA,9,AXA,atus_vru,AXA-frecuencia -> victimas VRU (ATUS),522,176.0,0.937,0.4227,0.4714,0.374,20.8,43.2,30.1,64.2,49.1,79.0,56.2,93.8,0.319,7.212426939023453e-12
VICTORIA,9,ATUS,atus_vru,ATUS-frecuencia -> victimas VRU (ATUS) [CIRCULAR],522,176.0,0.868,0.2806,0.2992,0.262,28.4,43.2,43.2,64.2,51.3,79.0,62.5,93.8,0.456,1.282259148385804e-24
CIUDAD MADERO,10,AXA,fis_hom,AXA-frecuencia -> homicidios Fiscalia,1142,70.0,0.969,0.6993,0.795,0.6035,28.6,100.0,39.2,100.0,47.1,100.0,51.7,100.0,0.047,0.11619451207104602
CIUDAD MADERO,10,ATUS,fis_hom,ATUS-frecuencia -> homicidios Fiscalia,1142,70.0,0.99,0.7571,1.1589,0.3553,8.3,100.0,29.7,100.0,39.3,100.0,42.5,100.0,-0.344,1.2693015908825973e-11
CIUDAD MADERO,10,AXA,atus_vru,AXA-frecuencia -> victimas VRU (ATUS),1142,29.0,0.969,0.583,0.6494,0.5166,31.0,100.0,38.2,100.0,47.5,100.0,49.4,100.0,0.097,0.0013415262479446993
CIUDAD MADERO,10,ATUS,atus_vru,ATUS-frecuencia -> victimas VRU (ATUS) [CIRCULAR],1142,29.0,0.99,0.218,0.3114,0.1247,27.2,100.0,48.0,100.0,63.6,100.0,76.2,100.0,0.086,0.1161206455035554
MATAMOROS,10,AXA,fis_hom,AXA-frecuencia -> homicidios Fiscalia,2636,248.0,0.992,0.9218,1.2178,0.6259,14.9,67.7,22.8,100.0,28.3,100.0,32.6,100.0,-0.225,1.0778323854477102e-18
MATAMOROS,10,ATUS,fis_hom,ATUS-frecuencia -> homicidios Fiscalia,2636,248.0,0.975,1.0327,1.1733,0.8921,11.3,67.7,21.0,100.0,27.6,100.0,31.2,100.0,-0.11,3.0209957359692156e-07
MATAMOROS,10,AXA,atus_vru,AXA-frecuencia -> victimas VRU (ATUS),2636,332.0,0.992,0.7097,0.9505,0.4689,21.4,66.3,29.9,100.0,37.5,100.0,43.4,100.0,-0.11,2.3737344376568288e-05
MATAMOROS,10,ATUS,atus_vru,ATUS-frecuencia -> victimas VRU (ATUS) [CIRCULAR],2636,332.0,0.975,0.2778,0.3275,0.2281,33.4,66.3,51.7,100.0,63.9,100.0,72.9,100.0,0.327,5.130136525118865e-53
NUEVO LAREDO,10,AXA,fis_hom,AXA-frecuencia -> homicidios Fiscalia,2280,208.0,0.99,0.9798,1.2364,0.7233,9.5,77.9,16.2,100.0,23.9,100.0,31.0,100.0,-0.267,6.358032804515799e-26
NUEVO LAREDO,10,ATUS,fis_hom,ATUS-frecuencia -> homicidios Fiscalia,2280,208.0,0.989,1.03,1.2427,0.8173,13.7,77.9,19.7,100.0,23.8,100.0,27.3,100.0,-0.151,1.1377407559496544e-09
NUEVO LAREDO,10,AXA,atus_vru,AXA-frecuencia -> victimas VRU (ATUS),2280,97.0,0.99,0.8337,1.0739,0.5936,13.6,100.0,24.8,100.0,32.4,100.0,37.9,100.0,-0.049,0.06178735068710624
NUEVO LAREDO,10,ATUS,atus_vru,ATUS-frecuencia -> victimas VRU (ATUS) [CIRCULAR],2280,97.0,0.989,0.3775,0.4829,0.2721,28.7,100.0,40.5,100.0,51.3,100.0,61.8,100.0,0.185,2.388145868581033e-13
REYNOSA,10,AXA,fis_hom,AXA-frecuencia -> homicidios Fiscalia,3227,324.0,0.993,1.0785,1.4056,0.7515,11.5,69.4,14.6,100.0,19.0,100.0,23.6,100.0,-0.341,3.2007617768363778e-53
REYNOSA,10,ATUS,fis_hom,ATUS-frecuencia -> homicidios Fiscalia,3227,324.0,0.983,1.0453,1.218,0.8726,9.9,69.4,21.1,100.0,25.6,100.0,28.9,100.0,-0.208,1.054084384837393e-25
REYNOSA,10,AXA,atus_vru,AXA-frecuencia -> victimas VRU (ATUS),3227,205.0,0.993,0.7832,1.0326,0.5338,23.0,94.6,30.1,100.0,36.2,100.0,42.5,100.0,-0.096,4.1448225174329846e-05
REYNOSA,10,ATUS,atus_vru,ATUS-frecuencia -> victimas VRU (ATUS) [CIRCULAR],3227,205.0,0.983,0.3706,0.4575,0.2838,33.4,94.6,44.9,100.0,53.5,100.0,62.7,100.0,0.207,2.7658315636923578e-24
TAMPICO,10,AXA,fis_hom,AXA-frecuencia -> homicidios Fiscalia,1930,154.0,0.974,0.6122,0.6784,0.5459,18.2,93.5,25.4,100.0,48.3,100.0,59.4,100.0,0.068,0.004320164496398529
TAMPICO,10,ATUS,fis_hom,ATUS-frecuencia -> homicidios Fiscalia,1930,154.0,0.979,0.7911,0.9846,0.5977,14.1,93.5,26.7,100.0,34.7,100.0,43.3,100.0,-0.034,0.25005861916370264
TAMPICO,10,AXA,atus_vru,AXA-frecuencia -> victimas VRU (ATUS),1930,324.0,0.974,0.4072,0.4625,0.3518,27.8,60.5,42.7,90.4,53.3,100.0,62.7,100.0,0.286,7.128720234681353e-35
TAMPICO,10,ATUS,atus_vru,ATUS-frecuencia -> victimas VRU (ATUS) [CIRCULAR],1930,324.0,0.979,0.1952,0.2356,0.1548,36.0,60.5,56.3,90.4,68.5,100.0,76.2,100.0,0.413,2.9658331563853547e-47
VICTORIA,10,AXA,fis_hom,AXA-frecuencia -> homicidios Fiscalia,1754,139.0,0.989,1.0068,1.2376,0.776,3.8,79.9,12.9,100.0,23.8,100.0,29.2,100.0,-0.226,1.5771749131269484e-15
VICTORIA,10,ATUS,fis_hom,ATUS-frecuencia -> homicidios Fiscalia,1754,139.0,0.973,1.1591,1.3549,0.9634,8.6,79.9,15.3,100.0,20.5,100.0,21.7,100.0,-0.165,1.8556832874450553e-09
VICTORIA,10,AXA,atus_vru,AXA-frecuencia -> victimas VRU (ATUS),1754,176.0,0.989,0.6133,0.7784,0.4482,19.0,67.6,37.7,100.0,46.1,100.0,50.8,100.0,0.053,0.06666695114872817
VICTORIA,10,ATUS,atus_vru,ATUS-frecuencia -> victimas VRU (ATUS) [CIRCULAR],1754,176.0,0.973,0.2921,0.3495,0.2348,31.7,67.6,47.3,100.0,60.8,100.0,68.9,100.0,0.306,8.221668282265935e-29
