,axa,axa_moto,atus_ksi,atus_vru,atus_moto,fis_hom
8a456da00007fff,2.0,0.0,1.0,1.0,0.0,0.0
8a456da00017fff,1.0,0.0,0.0,0.0,0.0,0.0
8a456da00037fff,1.0,0.0,0.0,0.0,0.0,0.0
8a456da00077fff,1.0,0.0,0.0,0.0,0.0,0.0
8a456da000b7fff,0.0,0.0,0.0,0.0,0.0,0.0
8a456da00117fff,1.0,0.0,0.0,0.0,0.0,0.0
8a456da00157fff,1.0,0.0,0.0,0.0,0.0,0.0
8a456da00177fff,0.0,0.0,0.0,0.0,0.0,0.0
8a456da00187fff,2.0,0.0,0.0,0.0,0.0,1.0
8a456da0018ffff,1.0,0.0,0.0,0.0,0.0,0.0
8a456da00197fff,2.0,0.0,0.0,0.0,0.0,0.0
8a456da001a7fff,2.0,0.0,0.0,0.0,0.0,0.0
8a456da001affff,3.0,0.0,0.0,0.0,0.0,0.0
8a456da001b7fff,3.0,0.0,0.0,0.0,0.0,0.0
8a456da0042ffff,1.0,0.0,0.0,0.0,0.0,0.0
8a456da00447fff,0.0,0.0,0.0,0.0,0.0,0.0
8a456da00557fff,1.0,0.0,0.0,0.0,0.0,0.0
8a456da0055ffff,1.0,0.0,0.0,0.0,0.0,0.0
8a456da0056ffff,0.0,0.0,0.0,0.0,0.0,0.0
8a456da00737fff,0.0,0.0,0.0,0.0,0.0,0.0
8a456da00c07fff,2.0,0.0,0.0,0.0,0.0,0.0
8a456da00c27fff,1.0,0.0,0.0,0.0,0.0,0.0
8a456da00c47fff,1.0,0.0,0.0,0.0,0.0,0.0
8a456da00c4ffff,1.0,0.0,0.0,0.0,0.0,0.0
8a456da00c57fff,1.0,0.0,0.0,0.0,0.0,0.0
8a456da00c5ffff,1.0,0.0,0.0,0.0,0.0,0.0
8a456da00c67fff,1.0,0.0,0.0,0.0,0.0,0.0
8a456da00ccffff,0.0,0.0,0.0,0.0,0.0,0.0
8a456da00ce7fff,0.0,0.0,0.0,0.0,0.0,0.0
8a456da00d07fff,0.0,0.0,1.0,1.0,0.0,0.0
8a456da00d17fff,0.0,0.0,1.0,1.0,0.0,0.0
8a456da00d1ffff,0.0,0.0,2.0,0.0,2.0,1.0
8a456da00d37fff,3.0,0.0,5.0,0.0,0.0,0.0
8a456da00da7fff,1.0,0.0,0.0,0.0,0.0,0.0
8a456da00db7fff,0.0,0.0,1.0,0.0,0.0,0.0
8a456da018a7fff,0.0,0.0,0.0,0.0,0.0,1.0
8a456da039a7fff,1.0,0.0,0.0,0.0,0.0,0.0
8a456da0436ffff,1.0,0.0,0.0,0.0,0.0,0.0
8a456da04407fff,1.0,0.0,0.0,0.0,0.0,0.0
8a456da04437fff,1.0,0.0,0.0,0.0,0.0,0.0
8a456da04517fff,1.0,0.0,0.0,0.0,0.0,0.0
8a456da0451ffff,2.0,0.0,0.0,0.0,0.0,0.0
8a456da04537fff,1.0,0.0,0.0,0.0,0.0,0.0
8a456da0458ffff,1.0,0.0,0.0,0.0,0.0,0.0
8a456da045a7fff,1.0,0.0,0.0,0.0,0.0,0.0
8a456da045b7fff,0.0,0.0,0.0,0.0,0.0,0.0
8a456da04707fff,2.0,0.0,0.0,0.0,0.0,1.0
8a456da0471ffff,1.0,0.0,0.0,0.0,0.0,0.0
8a456da04807fff,1.0,0.0,0.0,0.0,0.0,0.0
8a456da0480ffff,1.0,0.0,0.0,0.0,0.0,0.0
8a456da04827fff,2.0,0.0,0.0,0.0,0.0,0.0
8a456da0482ffff,1.0,0.0,0.0,0.0,0.0,0.0
8a456da04837fff,2.0,0.0,0.0,0.0,0.0,0.0
8a456da04857fff,1.0,0.0,0.0,0.0,0.0,0.0
8a456da0485ffff,2.0,0.0,0.0,0.0,0.0,0.0
8a456da04867fff,1.0,0.0,0.0,0.0,0.0,0.0
8a456da0486ffff,1.0,0.0,0.0,0.0,0.0,0.0
8a456da048e7fff,1.0,0.0,0.0,0.0,0.0,0.0
8a456da04907fff,0.0,0.0,1.0,1.0,0.0,0.0
8a456da0490ffff,1.0,0.0,0.0,0.0,0.0,0.0
8a456da0492ffff,2.0,0.0,0.0,0.0,0.0,0.0
8a456da04987fff,1.0,0.0,0.0,0.0,0.0,0.0
8a456da049affff,2.0,0.0,0.0,0.0,0.0,0.0
8a456da04a07fff,1.0,0.0,0.0,0.0,0.0,0.0
8a456da04a0ffff,1.0,0.0,0.0,0.0,0.0,0.0
8a456da04a1ffff,2.0,0.0,0.0,0.0,0.0,0.0
8a456da04a27fff,1.0,0.0,0.0,0.0,0.0,0.0
8a456da04a2ffff,2.0,0.0,0.0,0.0,0.0,0.0
8a456da04a47fff,1.0,0.0,0.0,0.0,0.0,0.0
8a456da04a4ffff,2.0,0.0,1.0,1.0,0.0,0.0
8a456da04a5ffff,2.0,0.0,0.0,0.0,0.0,0.0
8a456da04a6ffff,1.0,0.0,0.0,0.0,0.0,0.0
8a456da04ae7fff,1.0,0.0,0.0,0.0,0.0,0.0
8a456da04af7fff,1.0,0.0,0.0,0.0,0.0,0.0
8a456da04b07fff,2.0,0.0,0.0,0.0,0.0,0.0
8a456da04b0ffff,1.0,0.0,0.0,0.0,0.0,0.0
8a456da04b17fff,1.0,0.0,0.0,0.0,0.0,0.0
8a456da04b37fff,1.0,0.0,0.0,0.0,0.0,0.0
8a456da04b47fff,3.0,0.0,1.0,1.0,0.0,0.0
8a456da04b4ffff,1.0,0.0,0.0,0.0,0.0,0.0
8a456da04b67fff,8.0,0.0,0.0,0.0,0.0,0.0
8a456da04b6ffff,2.0,0.0,0.0,0.0,0.0,0.0
8a456da04b77fff,1.0,0.0,0.0,0.0,0.0,0.0
8a456da04b87fff,2.0,0.0,0.0,0.0,0.0,0.0
8a456da04ba7fff,0.0,0.0,0.0,0.0,0.0,0.0
8a456da04baffff,3.0,0.0,0.0,0.0,0.0,0.0
8a456da04bb7fff,2.0,0.0,0.0,0.0,0.0,0.0
8a456da04c87fff,1.0,0.0,0.0,0.0,0.0,0.0
8a456da04c97fff,3.0,0.0,0.0,0.0,0.0,0.0
8a456da04c9ffff,1.0,0.0,0.0,0.0,0.0,0.0
8a456da04caffff,1.0,0.0,0.0,0.0,0.0,0.0
8a456da04d87fff,1.0,0.0,0.0,0.0,0.0,0.0
8a456da04d97fff,1.0,0.0,0.0,0.0,0.0,0.0
8a456da04d9ffff,2.0,0.0,0.0,0.0,0.0,0.0
8a456da05017fff,1.0,0.0,0.0,0.0,0.0,0.0
8a456da0508ffff,1.0,0.0,0.0,0.0,0.0,0.0
8a456da050c7fff,2.0,0.0,0.0,0.0,0.0,0.0
8a456da050cffff,0.0,0.0,0.0,0.0,0.0,0.0
8a456da050d7fff,1.0,0.0,0.0,0.0,0.0,0.0
8a456da050dffff,1.0,0.0,0.0,0.0,0.0,0.0
8a456da050f7fff,2.0,0.0,1.0,0.0,1.0,0.0
8a456da051b7fff,1.0,0.0,0.0,0.0,0.0,0.0
8a456da0529ffff,0.0,0.0,0.0,0.0,0.0,0.0
8a456da05617fff,1.0,0.0,0.0,0.0,0.0,0.0
8a456da0566ffff,2.0,0.0,0.0,0.0,0.0,0.0
8a456da05677fff,1.0,0.0,0.0,0.0,0.0,0.0
8a456da056a7fff,0.0,0.0,0.0,0.0,0.0,1.0
8a456da05727fff,1.0,0.0,0.0,0.0,0.0,0.0
8a456da05747fff,0.0,0.0,0.0,0.0,0.0,0.0
8a456da05767fff,2.0,0.0,0.0,0.0,0.0,0.0
8a456da057affff,1.0,0.0,0.0,0.0,0.0,0.0
8a456da05ac7fff,1.0,0.0,0.0,0.0,0.0,0.0
8a456da05c07fff,3.0,0.0,0.0,0.0,0.0,0.0
8a456da05c27fff,2.0,0.0,0.0,0.0,0.0,0.0
8a456da05c2ffff,2.0,0.0,0.0,0.0,0.0,1.0
8a456da05c37fff,2.0,0.0,0.0,0.0,0.0,0.0
8a456da05c47fff,1.0,0.0,0.0,0.0,0.0,0.0
8a456da05c57fff,1.0,0.0,0.0,0.0,0.0,0.0
8a456da05caffff,0.0,0.0,0.0,0.0,0.0,1.0
8a456da05ccffff,1.0,0.0,0.0,0.0,0.0,0.0
8a456da05ceffff,0.0,0.0,0.0,0.0,0.0,0.0
8a456da05d0ffff,1.0,0.0,0.0,0.0,0.0,0.0
8a456da05d17fff,1.0,0.0,0.0,0.0,0.0,0.0
8a456da05d1ffff,2.0,0.0,0.0,0.0,0.0,0.0
8a456da05d27fff,1.0,0.0,0.0,0.0,0.0,0.0
8a456da05d2ffff,2.0,0.0,0.0,0.0,0.0,0.0
8a456da05d57fff,2.0,0.0,0.0,0.0,0.0,0.0
8a456da05d5ffff,1.0,0.0,0.0,0.0,0.0,0.0
8a456da05d77fff,1.0,0.0,0.0,0.0,0.0,0.0
8a456da05da7fff,2.0,0.0,0.0,0.0,0.0,0.0
8a456da0630ffff,1.0,0.0,0.0,0.0,0.0,0.0
8a456da06357fff,1.0,0.0,0.0,0.0,0.0,0.0
8a456da0684ffff,3.0,0.0,0.0,0.0,0.0,0.0
8a456da0685ffff,1.0,0.0,0.0,0.0,0.0,0.0
8a456da06867fff,1.0,0.0,1.0,0.0,0.0,0.0
8a456da0686ffff,2.0,0.0,0.0,0.0,0.0,0.0
8a456da06947fff,0.0,0.0,0.0,0.0,0.0,0.0
8a456da0694ffff,1.0,0.0,0.0,0.0,0.0,0.0
8a456da06977fff,1.0,0.0,2.0,0.0,0.0,0.0
8a456da06a67fff,0.0,0.0,1.0,0.0,0.0,0.0
8a456da06a6ffff,1.0,0.0,0.0,0.0,0.0,0.0
8a456da06ad7fff,1.0,0.0,0.0,0.0,0.0,0.0
8a456da06adffff,1.0,0.0,0.0,0.0,0.0,0.0
8a456da06b1ffff,2.0,0.0,1.0,0.0,1.0,0.0
8a456da06b47fff,1.0,0.0,0.0,0.0,0.0,0.0
8a456da06b5ffff,1.0,0.0,0.0,0.0,0.0,0.0
8a456da06b77fff,1.0,0.0,0.0,0.0,0.0,0.0
8a456da20007fff,1.0,0.0,0.0,0.0,0.0,0.0
8a456da2000ffff,11.0,0.0,0.0,0.0,0.0,0.0
8a456da20017fff,5.0,0.0,0.0,0.0,0.0,0.0
8a456da2001ffff,8.0,0.0,0.0,0.0,0.0,0.0
8a456da20087fff,11.0,0.0,0.0,0.0,0.0,0.0
8a456da2008ffff,3.0,0.0,0.0,0.0,0.0,0.0
8a456da20097fff,0.0,0.0,0.0,0.0,0.0,1.0
8a456da2009ffff,4.0,0.0,0.0,0.0,0.0,0.0
8a456da200a7fff,21.0,0.0,0.0,0.0,0.0,0.0
8a456da200affff,6.0,0.0,0.0,0.0,0.0,0.0
8a456da200b7fff,23.0,0.0,0.0,0.0,0.0,2.0
8a456da200c7fff,3.0,0.0,0.0,0.0,0.0,0.0
8a456da200cffff,4.0,0.0,0.0,0.0,0.0,0.0
8a456da200d7fff,9.0,0.0,0.0,0.0,0.0,0.0
8a456da200dffff,5.0,0.0,2.0,0.0,0.0,0.0
8a456da200e7fff,1.0,0.0,0.0,0.0,0.0,0.0
8a456da200f7fff,12.0,1.0,0.0,0.0,0.0,0.0
8a456da20107fff,1.0,0.0,0.0,0.0,0.0,0.0
8a456da20157fff,1.0,0.0,0.0,0.0,0.0,0.0
8a456da2018ffff,2.0,0.0,0.0,0.0,0.0,0.0
8a456da20197fff,4.0,0.0,1.0,0.0,0.0,0.0
8a456da2019ffff,4.0,0.0,0.0,0.0,0.0,0.0
8a456da201a7fff,2.0,0.0,0.0,0.0,0.0,0.0
8a456da201b7fff,2.0,0.0,0.0,0.0,0.0,0.0
8a456da20337fff,1.0,0.0,0.0,0.0,0.0,0.0
8a456da20407fff,26.0,1.0,0.0,0.0,0.0,0.0
8a456da2040ffff,22.0,0.0,0.0,0.0,0.0,0.0
8a456da20417fff,4.0,0.0,0.0,0.0,0.0,0.0
8a456da2041ffff,26.0,0.0,2.0,0.0,2.0,0.0
8a456da20427fff,7.0,0.0,0.0,0.0,0.0,0.0
8a456da20437fff,1.0,0.0,0.0,0.0,0.0,0.0
8a456da20447fff,1.0,0.0,0.0,0.0,0.0,0.0
8a456da2044ffff,2.0,0.0,0.0,0.0,0.0,0.0
8a456da20457fff,8.0,0.0,0.0,0.0,0.0,1.0
8a456da2045ffff,1.0,0.0,0.0,0.0,0.0,0.0
8a456da2046ffff,2.0,0.0,0.0,0.0,0.0,0.0
8a456da20487fff,7.0,0.0,0.0,0.0,0.0,0.0
8a456da2048ffff,8.0,0.0,0.0,0.0,0.0,0.0
8a456da20497fff,12.0,0.0,0.0,0.0,0.0,0.0
8a456da2049ffff,3.0,0.0,0.0,0.0,0.0,0.0
8a456da204a7fff,2.0,0.0,0.0,0.0,0.0,0.0
8a456da204affff,3.0,0.0,0.0,0.0,0.0,0.0
8a456da204b7fff,6.0,0.0,0.0,0.0,0.0,0.0
8a456da204c7fff,1.0,0.0,0.0,0.0,0.0,0.0
8a456da204cffff,4.0,0.0,0.0,0.0,0.0,0.0
8a456da204d7fff,31.0,0.0,3.0,1.0,2.0,0.0
8a456da204dffff,10.0,0.0,0.0,0.0,0.0,0.0
8a456da204e7fff,0.0,0.0,0.0,0.0,0.0,0.0
8a456da204effff,1.0,0.0,0.0,0.0,0.0,1.0
8a456da204f7fff,7.0,0.0,0.0,0.0,0.0,0.0
8a456da20507fff,4.0,1.0,0.0,0.0,0.0,0.0
8a456da2050ffff,21.0,1.0,0.0,0.0,0.0,0.0
8a456da20517fff,1.0,0.0,0.0,0.0,0.0,0.0
8a456da2051ffff,6.0,1.0,1.0,0.0,1.0,0.0
8a456da20527fff,17.0,2.0,0.0,0.0,0.0,0.0
8a456da2052ffff,7.0,0.0,0.0,0.0,0.0,0.0
8a456da20537fff,2.0,0.0,0.0,0.0,0.0,0.0
8a456da20547fff,15.0,1.0,0.0,0.0,0.0,0.0
8a456da2054ffff,2.0,0.0,0.0,0.0,0.0,0.0
8a456da20557fff,3.0,0.0,1.0,1.0,0.0,0.0
8a456da2055ffff,5.0,0.0,0.0,0.0,0.0,0.0
8a456da20567fff,9.0,0.0,0.0,0.0,0.0,0.0
8a456da2056ffff,13.0,3.0,0.0,0.0,0.0,0.0
8a456da20577fff,7.0,0.0,0.0,0.0,0.0,0.0
8a456da20587fff,10.0,0.0,0.0,0.0,0.0,0.0
8a456da2059ffff,5.0,0.0,0.0,0.0,0.0,0.0
8a456da205a7fff,7.0,0.0,0.0,0.0,0.0,0.0
8a456da205affff,1.0,0.0,0.0,0.0,0.0,0.0
8a456da205b7fff,5.0,0.0,0.0,0.0,0.0,0.0
8a456da20607fff,6.0,0.0,0.0,0.0,0.0,0.0
8a456da2060ffff,12.0,0.0,0.0,0.0,0.0,0.0
8a456da20617fff,9.0,0.0,0.0,0.0,0.0,0.0
8a456da20627fff,1.0,0.0,0.0,0.0,0.0,0.0
8a456da2062ffff,3.0,0.0,0.0,0.0,0.0,0.0
8a456da20637fff,4.0,0.0,0.0,0.0,0.0,0.0
8a456da20657fff,4.0,0.0,0.0,0.0,0.0,0.0
8a456da20677fff,13.0,0.0,0.0,0.0,0.0,0.0
8a456da20687fff,3.0,0.0,0.0,0.0,0.0,0.0
8a456da2068ffff,7.0,0.0,0.0,0.0,0.0,0.0
8a456da20697fff,5.0,0.0,0.0,0.0,0.0,0.0
8a456da2069ffff,2.0,0.0,0.0,0.0,0.0,0.0
8a456da206a7fff,27.0,0.0,0.0,0.0,0.0,0.0
8a456da206affff,9.0,0.0,0.0,0.0,0.0,0.0
8a456da206b7fff,2.0,0.0,0.0,0.0,0.0,0.0
8a456da206c7fff,2.0,0.0,0.0,0.0,0.0,0.0
8a456da206d7fff,2.0,0.0,0.0,0.0,0.0,0.0
8a456da20707fff,4.0,0.0,0.0,0.0,0.0,0.0
8a456da2070ffff,2.0,0.0,0.0,0.0,0.0,0.0
8a456da20717fff,7.0,0.0,2.0,0.0,2.0,0.0
8a456da2071ffff,3.0,0.0,0.0,0.0,0.0,0.0
8a456da20727fff,1.0,0.0,0.0,0.0,0.0,0.0
8a456da2072ffff,6.0,0.0,0.0,0.0,0.0,0.0
8a456da20737fff,11.0,1.0,0.0,0.0,0.0,0.0
8a456da20747fff,2.0,0.0,0.0,0.0,0.0,0.0
8a456da20757fff,1.0,0.0,0.0,0.0,0.0,0.0
8a456da2075ffff,1.0,0.0,0.0,0.0,0.0,0.0
8a456da20767fff,12.0,0.0,0.0,0.0,0.0,1.0
8a456da20777fff,4.0,0.0,0.0,0.0,0.0,0.0
8a456da20787fff,2.0,0.0,0.0,0.0,0.0,0.0
8a456da2078ffff,23.0,0.0,0.0,0.0,0.0,0.0
8a456da20797fff,15.0,0.0,0.0,0.0,0.0,0.0
8a456da2079ffff,11.0,0.0,0.0,0.0,0.0,0.0
8a456da207a7fff,4.0,0.0,0.0,0.0,0.0,0.0
8a456da207affff,14.0,0.0,0.0,0.0,0.0,0.0
8a456da207b7fff,6.0,0.0,0.0,0.0,0.0,0.0
8a456da20937fff,1.0,0.0,0.0,0.0,0.0,0.0
8a456da20a27fff,1.0,0.0,0.0,0.0,0.0,0.0
8a456da20c07fff,0.0,0.0,2.0,0.0,0.0,0.0
8a456da20c0ffff,3.0,0.0,0.0,0.0,0.0,0.0
8a456da20c17fff,6.0,0.0,0.0,0.0,0.0,0.0
8a456da20c1ffff,5.0,0.0,0.0,0.0,0.0,0.0
8a456da20c27fff,10.0,0.0,0.0,0.0,0.0,0.0
8a456da20c2ffff,1.0,0.0,0.0,0.0,0.0,0.0
8a456da20c37fff,4.0,0.0,2.0,0.0,2.0,0.0
8a456da20c47fff,5.0,0.0,0.0,0.0,0.0,0.0
8a456da20c57fff,3.0,0.0,0.0,0.0,0.0,0.0
8a456da20c5ffff,4.0,0.0,0.0,0.0,0.0,0.0
8a456da20c67fff,2.0,0.0,0.0,0.0,0.0,0.0
8a456da20c77fff,5.0,0.0,0.0,0.0,0.0,0.0
8a456da20c87fff,2.0,0.0,0.0,0.0,0.0,0.0
8a456da20c8ffff,9.0,0.0,1.0,1.0,0.0,0.0
8a456da20c97fff,1.0,0.0,0.0,0.0,0.0,0.0
8a456da20c9ffff,1.0,0.0,0.0,0.0,0.0,0.0
8a456da20caffff,10.0,0.0,0.0,0.0,0.0,0.0
8a456da20cb7fff,6.0,0.0,1.0,0.0,1.0,0.0
8a456da20cc7fff,6.0,0.0,0.0,0.0,0.0,0.0
8a456da20ccffff,3.0,0.0,0.0,0.0,0.0,0.0
8a456da20cd7fff,4.0,0.0,0.0,0.0,0.0,0.0
8a456da20cdffff,9.0,0.0,0.0,0.0,0.0,0.0
8a456da20ce7fff,2.0,0.0,0.0,0.0,0.0,0.0
8a456da20ceffff,10.0,0.0,0.0,0.0,0.0,0.0
8a456da20cf7fff,6.0,0.0,0.0,0.0,0.0,0.0
8a456da20d07fff,95.0,5.0,0.0,0.0,0.0,0.0
8a456da20d0ffff,11.0,0.0,0.0,0.0,0.0,0.0
8a456da20d17fff,17.0,0.0,2.0,0.0,2.0,0.0
8a456da20d1ffff,14.0,0.0,0.0,0.0,0.0,1.0
8a456da20d27fff,15.0,0.0,3.0,0.0,2.0,0.0
8a456da20d2ffff,2.0,0.0,0.0,0.0,0.0,0.0
8a456da20d37fff,38.0,0.0,5.0,2.0,0.0,0.0
8a456da20d47fff,4.0,0.0,0.0,0.0,0.0,0.0
8a456da20d4ffff,2.0,0.0,0.0,0.0,0.0,0.0
8a456da20d57fff,8.0,0.0,1.0,0.0,1.0,0.0
8a456da20d5ffff,5.0,0.0,0.0,0.0,0.0,0.0
8a456da20d67fff,7.0,0.0,0.0,0.0,0.0,0.0
8a456da20d77fff,0.0,0.0,1.0,0.0,1.0,0.0
8a456da20d87fff,1.0,0.0,0.0,0.0,0.0,0.0
8a456da20d97fff,1.0,0.0,0.0,0.0,0.0,0.0
8a456da20d9ffff,1.0,0.0,0.0,0.0,0.0,0.0
8a456da20da7fff,14.0,0.0,0.0,0.0,0.0,0.0
8a456da20daffff,5.0,0.0,0.0,0.0,0.0,1.0
8a456da20db7fff,3.0,0.0,0.0,0.0,0.0,0.0
8a456da2152ffff,0.0,0.0,0.0,0.0,0.0,1.0
8a456da216c7fff,1.0,0.0,0.0,0.0,0.0,0.0
8a456da22007fff,3.0,0.0,0.0,0.0,0.0,0.0
8a456da22017fff,6.0,0.0,1.0,0.0,0.0,0.0
8a456da2201ffff,1.0,0.0,0.0,0.0,0.0,1.0
8a456da22027fff,1.0,0.0,0.0,0.0,0.0,0.0
8a456da2202ffff,1.0,0.0,0.0,0.0,0.0,0.0
8a456da22047fff,9.0,0.0,0.0,0.0,0.0,0.0
8a456da2204ffff,5.0,0.0,0.0,0.0,0.0,0.0
8a456da22057fff,33.0,0.0,2.0,2.0,0.0,0.0
8a456da22067fff,10.0,0.0,0.0,0.0,0.0,0.0
8a456da2206ffff,19.0,0.0,0.0,0.0,0.0,0.0
8a456da22077fff,1.0,0.0,0.0,0.0,0.0,0.0
8a456da22087fff,1.0,0.0,0.0,0.0,0.0,0.0
8a456da2208ffff,31.0,0.0,0.0,0.0,0.0,0.0
8a456da22097fff,1.0,0.0,0.0,0.0,0.0,0.0
8a456da2209ffff,6.0,0.0,1.0,0.0,1.0,0.0
8a456da220a7fff,1.0,0.0,0.0,0.0,0.0,0.0
8a456da220affff,2.0,0.0,0.0,0.0,0.0,0.0
8a456da220c7fff,1.0,0.0,0.0,0.0,0.0,0.0
8a456da220cffff,2.0,0.0,0.0,0.0,0.0,0.0
8a456da220d7fff,2.0,0.0,0.0,0.0,0.0,0.0
8a456da220dffff,4.0,0.0,0.0,0.0,0.0,0.0
8a456da220e7fff,5.0,0.0,1.0,0.0,1.0,0.0
8a456da220effff,1.0,0.0,0.0,0.0,0.0,0.0
8a456da220f7fff,20.0,0.0,1.0,1.0,0.0,0.0
8a456da2210ffff,0.0,0.0,1.0,0.0,1.0,0.0
8a456da22127fff,3.0,0.0,0.0,0.0,0.0,0.0
8a456da22147fff,2.0,0.0,0.0,0.0,0.0,0.0
8a456da2214ffff,3.0,0.0,0.0,0.0,0.0,0.0
8a456da22157fff,2.0,0.0,0.0,0.0,0.0,0.0
8a456da2215ffff,3.0,0.0,0.0,0.0,0.0,0.0
8a456da22167fff,1.0,0.0,0.0,0.0,0.0,0.0
8a456da22177fff,2.0,0.0,0.0,0.0,0.0,0.0
8a456da2218ffff,3.0,0.0,0.0,0.0,0.0,0.0
8a456da2219ffff,2.0,0.0,0.0,0.0,0.0,0.0
8a456da22207fff,1.0,0.0,0.0,0.0,0.0,0.0
8a456da2220ffff,2.0,0.0,0.0,0.0,0.0,0.0
8a456da22217fff,1.0,0.0,0.0,0.0,0.0,0.0
8a456da22227fff,1.0,0.0,0.0,0.0,0.0,0.0
8a456da2222ffff,6.0,1.0,0.0,0.0,0.0,0.0
8a456da22237fff,2.0,0.0,0.0,0.0,0.0,0.0
8a456da22247fff,2.0,0.0,0.0,0.0,0.0,0.0
8a456da2224ffff,4.0,0.0,1.0,0.0,1.0,0.0
8a456da22257fff,3.0,0.0,0.0,0.0,0.0,0.0
8a456da2225ffff,4.0,0.0,0.0,0.0,0.0,0.0
8a456da22267fff,6.0,0.0,0.0,0.0,0.0,0.0
8a456da2226ffff,4.0,0.0,0.0,0.0,0.0,0.0
8a456da22277fff,9.0,0.0,1.0,0.0,1.0,0.0
8a456da2229ffff,2.0,0.0,1.0,0.0,1.0,0.0
8a456da222a7fff,1.0,0.0,0.0,0.0,0.0,0.0
8a456da222b7fff,1.0,0.0,0.0,0.0,0.0,0.0
8a456da222cffff,2.0,0.0,0.0,0.0,0.0,0.0
8a456da222e7fff,3.0,0.0,1.0,0.0,0.0,0.0
8a456da222effff,2.0,0.0,0.0,0.0,0.0,0.0
8a456da22307fff,2.0,0.0,0.0,0.0,0.0,0.0
8a456da2230ffff,4.0,0.0,1.0,0.0,1.0,0.0
8a456da22317fff,5.0,0.0,0.0,0.0,0.0,0.0
8a456da2231ffff,1.0,0.0,3.0,0.0,3.0,0.0
8a456da22327fff,5.0,0.0,0.0,0.0,0.0,0.0
8a456da2232ffff,4.0,0.0,0.0,0.0,0.0,0.0
8a456da22337fff,8.0,0.0,0.0,0.0,0.0,1.0
8a456da22347fff,10.0,0.0,2.0,0.0,2.0,0.0
8a456da22357fff,10.0,0.0,0.0,0.0,0.0,0.0
8a456da2235ffff,1.0,0.0,0.0,0.0,0.0,0.0
8a456da2236ffff,1.0,0.0,0.0,0.0,0.0,0.0
8a456da22377fff,2.0,0.0,0.0,0.0,0.0,0.0
8a456da22387fff,3.0,0.0,0.0,0.0,0.0,0.0
8a456da22397fff,5.0,0.0,0.0,0.0,0.0,0.0
8a456da2239ffff,0.0,0.0,0.0,0.0,0.0,0.0
8a456da223a7fff,2.0,0.0,0.0,0.0,0.0,0.0
8a456da223affff,3.0,0.0,0.0,0.0,0.0,0.0
8a456da22447fff,2.0,0.0,0.0,0.0,0.0,0.0
8a456da2244ffff,2.0,0.0,2.0,0.0,0.0,0.0
8a456da2245ffff,8.0,0.0,0.0,0.0,0.0,0.0
8a456da22467fff,1.0,0.0,0.0,0.0,0.0,0.0
8a456da2246ffff,4.0,0.0,0.0,0.0,0.0,0.0
8a456da224cffff,1.0,0.0,0.0,0.0,0.0,0.0
8a456da224dffff,6.0,0.0,0.0,0.0,0.0,0.0
8a456da22527fff,1.0,0.0,0.0,0.0,0.0,0.0
8a456da22547fff,2.0,0.0,0.0,0.0,0.0,0.0
8a456da22567fff,2.0,0.0,0.0,0.0,0.0,0.0
8a456da2256ffff,1.0,0.0,0.0,0.0,0.0,0.0
8a456da22577fff,2.0,0.0,0.0,0.0,0.0,0.0
8a456da22607fff,1.0,0.0,0.0,0.0,0.0,0.0
8a456da2260ffff,1.0,0.0,0.0,0.0,0.0,0.0
8a456da22617fff,2.0,0.0,0.0,0.0,0.0,0.0
8a456da2262ffff,2.0,0.0,0.0,0.0,0.0,0.0
8a456da2264ffff,1.0,0.0,0.0,0.0,0.0,0.0
8a456da2265ffff,2.0,0.0,0.0,0.0,0.0,0.0
8a456da22667fff,1.0,0.0,0.0,0.0,0.0,0.0
8a456da2266ffff,1.0,0.0,0.0,0.0,0.0,0.0
8a456da22697fff,1.0,0.0,0.0,0.0,0.0,0.0
8a456da226b7fff,1.0,0.0,0.0,0.0,0.0,0.0
8a456da226c7fff,1.0,0.0,0.0,0.0,0.0,0.0
8a456da226cffff,1.0,0.0,0.0,0.0,0.0,0.0
8a456da22707fff,1.0,0.0,0.0,0.0,0.0,0.0
8a456da22727fff,1.0,0.0,0.0,0.0,0.0,0.0
8a456da2272ffff,2.0,0.0,0.0,0.0,0.0,0.0
8a456da22737fff,2.0,0.0,0.0,0.0,0.0,0.0
8a456da22747fff,4.0,0.0,0.0,0.0,0.0,0.0
8a456da2274ffff,0.0,0.0,0.0,0.0,0.0,0.0
8a456da22757fff,1.0,0.0,0.0,0.0,0.0,1.0
8a456da22767fff,1.0,0.0,0.0,0.0,0.0,0.0
8a456da2276ffff,1.0,0.0,0.0,0.0,0.0,0.0
8a456da227affff,1.0,0.0,0.0,0.0,0.0,0.0
8a456da22807fff,2.0,0.0,0.0,0.0,0.0,0.0
8a456da2280ffff,2.0,0.0,0.0,0.0,0.0,0.0
8a456da22817fff,3.0,0.0,0.0,0.0,0.0,0.0
8a456da2281ffff,2.0,0.0,0.0,0.0,0.0,0.0
8a456da22827fff,3.0,0.0,0.0,0.0,0.0,0.0
8a456da22837fff,3.0,0.0,0.0,0.0,0.0,0.0
8a456da22847fff,2.0,0.0,0.0,0.0,0.0,0.0
8a456da2284ffff,6.0,0.0,0.0,0.0,0.0,0.0
8a456da22857fff,2.0,0.0,0.0,0.0,0.0,0.0
8a456da2285ffff,3.0,0.0,0.0,0.0,0.0,0.0
8a456da22867fff,5.0,0.0,0.0,0.0,0.0,0.0
8a456da2286ffff,3.0,0.0,0.0,0.0,0.0,0.0
8a456da22877fff,2.0,0.0,0.0,0.0,0.0,0.0
8a456da22887fff,3.0,0.0,0.0,0.0,0.0,0.0
8a456da2288ffff,2.0,0.0,0.0,0.0,0.0,0.0
8a456da2289ffff,2.0,0.0,0.0,0.0,0.0,0.0
8a456da228a7fff,3.0,0.0,0.0,0.0,0.0,0.0
8a456da228affff,1.0,0.0,0.0,0.0,0.0,0.0
8a456da228b7fff,1.0,0.0,0.0,0.0,0.0,0.0
8a456da228c7fff,4.0,0.0,0.0,0.0,0.0,0.0
8a456da228cffff,2.0,0.0,0.0,0.0,0.0,0.0
8a456da228d7fff,1.0,0.0,0.0,0.0,0.0,0.0
8a456da228dffff,1.0,0.0,0.0,0.0,0.0,0.0
8a456da228effff,1.0,0.0,0.0,0.0,0.0,0.0
8a456da228f7fff,1.0,0.0,0.0,0.0,0.0,0.0
8a456da22907fff,3.0,0.0,0.0,0.0,0.0,0.0
8a456da2290ffff,2.0,0.0,0.0,0.0,0.0,0.0
8a456da22917fff,3.0,0.0,0.0,0.0,0.0,0.0
8a456da22927fff,6.0,1.0,0.0,0.0,0.0,0.0
8a456da2292ffff,8.0,0.0,1.0,1.0,0.0,0.0
8a456da22937fff,16.0,0.0,0.0,0.0,0.0,0.0
8a456da22947fff,6.0,0.0,0.0,0.0,0.0,0.0
8a456da2294ffff,5.0,0.0,0.0,0.0,0.0,0.0
8a456da22957fff,5.0,0.0,0.0,0.0,0.0,0.0
8a456da2295ffff,4.0,0.0,0.0,0.0,0.0,0.0
8a456da22967fff,6.0,0.0,0.0,0.0,0.0,0.0
8a456da2296ffff,2.0,0.0,0.0,0.0,0.0,0.0
8a456da22977fff,13.0,0.0,3.0,0.0,3.0,0.0
8a456da22987fff,4.0,0.0,0.0,0.0,0.0,0.0
8a456da2298ffff,1.0,0.0,0.0,0.0,0.0,0.0
8a456da22997fff,1.0,0.0,0.0,0.0,0.0,0.0
8a456da2299ffff,3.0,0.0,0.0,0.0,0.0,0.0
8a456da229a7fff,1.0,0.0,0.0,0.0,0.0,0.0
8a456da229affff,2.0,0.0,0.0,0.0,0.0,0.0
8a456da229b7fff,2.0,0.0,0.0,0.0,0.0,0.0
8a456da22a07fff,16.0,0.0,0.0,0.0,0.0,0.0
8a456da22a0ffff,70.0,1.0,2.0,0.0,2.0,2.0
8a456da22a17fff,2.0,0.0,0.0,0.0,0.0,0.0
8a456da22a1ffff,5.0,0.0,0.0,0.0,0.0,0.0
8a456da22a27fff,2.0,0.0,0.0,0.0,0.0,0.0
8a456da22a2ffff,22.0,0.0,0.0,0.0,0.0,0.0
8a456da22a37fff,2.0,0.0,0.0,0.0,0.0,0.0
8a456da22a47fff,3.0,0.0,0.0,0.0,0.0,0.0
8a456da22a57fff,6.0,0.0,0.0,0.0,0.0,1.0
8a456da22a5ffff,4.0,0.0,0.0,0.0,0.0,0.0
8a456da22a67fff,6.0,0.0,0.0,0.0,0.0,0.0
8a456da22a6ffff,2.0,0.0,0.0,0.0,0.0,0.0
8a456da22a77fff,3.0,0.0,0.0,0.0,0.0,0.0
8a456da22a87fff,5.0,0.0,0.0,0.0,0.0,0.0
8a456da22a8ffff,7.0,0.0,0.0,0.0,0.0,0.0
8a456da22a97fff,1.0,0.0,0.0,0.0,0.0,0.0
8a456da22a9ffff,28.0,0.0,0.0,0.0,0.0,0.0
8a456da22aa7fff,2.0,0.0,0.0,0.0,0.0,0.0
8a456da22aaffff,2.0,0.0,0.0,0.0,0.0,0.0
8a456da22ab7fff,4.0,0.0,0.0,0.0,0.0,0.0
8a456da22acffff,1.0,0.0,0.0,0.0,0.0,0.0
8a456da22ad7fff,10.0,0.0,0.0,0.0,0.0,0.0
8a456da22adffff,2.0,0.0,0.0,0.0,0.0,1.0
8a456da22ae7fff,34.0,0.0,0.0,0.0,0.0,0.0
8a456da22af7fff,7.0,0.0,1.0,1.0,0.0,0.0
8a456da22b0ffff,7.0,0.0,0.0,0.0,0.0,0.0
8a456da22b17fff,8.0,0.0,0.0,0.0,0.0,0.0
8a456da22b1ffff,1.0,0.0,1.0,0.0,0.0,0.0
8a456da22b27fff,1.0,0.0,0.0,0.0,0.0,0.0
8a456da22b2ffff,3.0,0.0,0.0,0.0,0.0,0.0
8a456da22b37fff,2.0,0.0,0.0,0.0,0.0,0.0
8a456da22b47fff,2.0,0.0,0.0,0.0,0.0,0.0
8a456da22b4ffff,2.0,0.0,0.0,0.0,0.0,0.0
8a456da22b57fff,7.0,0.0,0.0,0.0,0.0,0.0
8a456da22b5ffff,4.0,0.0,0.0,0.0,0.0,0.0
8a456da22b67fff,5.0,0.0,0.0,0.0,0.0,0.0
8a456da22b6ffff,3.0,0.0,0.0,0.0,0.0,0.0
8a456da22b77fff,10.0,0.0,0.0,0.0,0.0,0.0
8a456da22b87fff,1.0,0.0,0.0,0.0,0.0,0.0
8a456da22b8ffff,1.0,0.0,0.0,0.0,0.0,0.0
8a456da22ba7fff,3.0,0.0,0.0,0.0,0.0,0.0
8a456da22bb7fff,2.0,0.0,0.0,0.0,0.0,0.0
8a456da22c37fff,0.0,0.0,0.0,0.0,0.0,0.0
8a456da22c6ffff,1.0,0.0,0.0,0.0,0.0,0.0
8a456da22c77fff,0.0,0.0,0.0,0.0,0.0,0.0
8a456da22c87fff,2.0,0.0,0.0,0.0,0.0,0.0
8a456da22c8ffff,1.0,0.0,0.0,0.0,0.0,0.0
8a456da22c97fff,1.0,0.0,0.0,0.0,0.0,0.0
8a456da22c9ffff,1.0,0.0,0.0,0.0,0.0,0.0
8a456da22caffff,1.0,0.0,0.0,0.0,0.0,0.0
8a456da22cb7fff,3.0,1.0,0.0,0.0,0.0,0.0
8a456da22cc7fff,3.0,0.0,0.0,0.0,0.0,0.0
8a456da22ccffff,3.0,0.0,0.0,0.0,0.0,0.0
8a456da22cd7fff,1.0,0.0,3.0,0.0,0.0,0.0
8a456da22cdffff,3.0,0.0,0.0,0.0,0.0,0.0
8a456da22ce7fff,1.0,0.0,0.0,0.0,0.0,0.0
8a456da22d17fff,3.0,0.0,0.0,0.0,0.0,0.0
8a456da22d1ffff,1.0,0.0,0.0,0.0,0.0,0.0
8a456da22d37fff,2.0,0.0,0.0,0.0,0.0,0.0
8a456da22d47fff,2.0,0.0,0.0,0.0,0.0,0.0
8a456da22d4ffff,1.0,0.0,0.0,0.0,0.0,0.0
8a456da22d67fff,2.0,0.0,0.0,0.0,0.0,0.0
8a456da22d6ffff,4.0,0.0,0.0,0.0,0.0,0.0
8a456da22d97fff,1.0,0.0,1.0,1.0,0.0,1.0
8a456da22d9ffff,1.0,0.0,0.0,0.0,0.0,0.0
8a456da22da7fff,1.0,0.0,3.0,0.0,3.0,0.0
8a456da23087fff,6.0,0.0,0.0,0.0,0.0,0.0
8a456da2308ffff,7.0,0.0,0.0,0.0,0.0,0.0
8a456da23097fff,4.0,0.0,0.0,0.0,0.0,0.0
8a456da2309ffff,2.0,0.0,0.0,0.0,0.0,0.0
8a456da230b7fff,3.0,0.0,1.0,1.0,0.0,0.0
8a456da230d7fff,12.0,0.0,0.0,0.0,0.0,0.0
8a456da23117fff,1.0,0.0,0.0,0.0,0.0,0.0
8a456da2311ffff,1.0,0.0,0.0,0.0,0.0,0.0
8a456da23127fff,0.0,0.0,0.0,0.0,0.0,1.0
8a456da23187fff,1.0,0.0,0.0,0.0,0.0,0.0
8a456da23197fff,27.0,1.0,5.0,0.0,0.0,0.0
8a456da2319ffff,1.0,0.0,0.0,0.0,0.0,0.0
8a456da231affff,1.0,0.0,0.0,0.0,0.0,0.0
8a456da23407fff,7.0,0.0,0.0,0.0,0.0,0.0
8a456da2340ffff,4.0,0.0,0.0,0.0,0.0,1.0
8a456da2341ffff,5.0,0.0,0.0,0.0,0.0,0.0
8a456da23427fff,2.0,0.0,0.0,0.0,0.0,0.0
8a456da2342ffff,2.0,0.0,0.0,0.0,0.0,0.0
8a456da23437fff,4.0,0.0,0.0,0.0,0.0,0.0
8a456da23447fff,3.0,1.0,0.0,0.0,0.0,0.0
8a456da2344ffff,1.0,0.0,0.0,0.0,0.0,0.0
8a456da23457fff,2.0,0.0,0.0,0.0,0.0,0.0
8a456da23467fff,3.0,0.0,0.0,0.0,0.0,0.0
8a456da23487fff,3.0,0.0,0.0,0.0,0.0,0.0
8a456da2348ffff,3.0,0.0,0.0,0.0,0.0,0.0
8a456da234a7fff,2.0,0.0,0.0,0.0,0.0,0.0
8a456da234affff,1.0,0.0,0.0,0.0,0.0,0.0
8a456da234cffff,5.0,0.0,0.0,0.0,0.0,0.0
8a456da234d7fff,1.0,0.0,0.0,0.0,0.0,0.0
8a456da234dffff,3.0,0.0,0.0,0.0,0.0,0.0
8a456da234e7fff,1.0,0.0,0.0,0.0,0.0,0.0
8a456da234effff,1.0,0.0,0.0,0.0,0.0,0.0
8a456da234f7fff,3.0,0.0,0.0,0.0,0.0,0.0
8a456da23507fff,2.0,0.0,0.0,0.0,0.0,0.0
8a456da23517fff,2.0,0.0,0.0,0.0,0.0,0.0
8a456da2351ffff,4.0,0.0,0.0,0.0,0.0,0.0
8a456da2352ffff,13.0,1.0,0.0,0.0,0.0,0.0
8a456da23537fff,2.0,0.0,0.0,0.0,0.0,0.0
8a456da23547fff,1.0,0.0,0.0,0.0,0.0,0.0
8a456da2354ffff,3.0,0.0,0.0,0.0,0.0,0.0
8a456da23557fff,3.0,0.0,0.0,0.0,0.0,0.0
8a456da2355ffff,4.0,0.0,0.0,0.0,0.0,0.0
8a456da23567fff,8.0,0.0,0.0,0.0,0.0,1.0
8a456da2356ffff,4.0,0.0,0.0,0.0,0.0,0.0
8a456da23577fff,1.0,0.0,0.0,0.0,0.0,0.0
8a456da23587fff,1.0,0.0,0.0,0.0,0.0,0.0
8a456da2358ffff,3.0,0.0,0.0,0.0,0.0,0.0
8a456da23597fff,1.0,0.0,1.0,0.0,0.0,0.0
8a456da2359ffff,1.0,0.0,0.0,0.0,0.0,0.0
8a456da235a7fff,1.0,0.0,0.0,0.0,0.0,0.0
8a456da235affff,9.0,0.0,0.0,0.0,0.0,0.0
8a456da235b7fff,1.0,0.0,0.0,0.0,0.0,0.0
8a456da23607fff,1.0,0.0,0.0,0.0,0.0,0.0
8a456da2361ffff,1.0,0.0,0.0,0.0,0.0,0.0
8a456da23637fff,1.0,0.0,0.0,0.0,0.0,0.0
8a456da23687fff,1.0,0.0,0.0,0.0,0.0,0.0
8a456da2368ffff,3.0,1.0,0.0,0.0,0.0,0.0
8a456da23697fff,1.0,0.0,0.0,0.0,0.0,0.0
8a456da236a7fff,2.0,0.0,0.0,0.0,0.0,0.0
8a456da236affff,2.0,0.0,0.0,0.0,0.0,0.0
8a456da236b7fff,5.0,0.0,0.0,0.0,0.0,0.0
8a456da236d7fff,1.0,0.0,0.0,0.0,0.0,0.0
8a456da236dffff,1.0,0.0,0.0,0.0,0.0,0.0
8a456da23707fff,3.0,0.0,0.0,0.0,0.0,0.0
8a456da2370ffff,2.0,0.0,0.0,0.0,0.0,0.0
8a456da23717fff,0.0,0.0,0.0,0.0,0.0,0.0
8a456da2371ffff,1.0,0.0,0.0,0.0,0.0,0.0
8a456da23727fff,2.0,0.0,0.0,0.0,0.0,0.0
8a456da2372ffff,2.0,0.0,0.0,0.0,0.0,0.0
8a456da2374ffff,1.0,0.0,0.0,0.0,0.0,0.0
8a456da23787fff,3.0,0.0,0.0,0.0,0.0,0.0
8a456da2378ffff,1.0,0.0,0.0,0.0,0.0,0.0
8a456da23797fff,5.0,0.0,0.0,0.0,0.0,0.0
8a456da2379ffff,2.0,0.0,0.0,0.0,0.0,0.0
8a456da237affff,0.0,0.0,0.0,0.0,0.0,0.0
8a456da237b7fff,2.0,0.0,0.0,0.0,0.0,0.0
8a456da23997fff,1.0,0.0,0.0,0.0,0.0,0.0
8a456da23c07fff,2.0,0.0,0.0,0.0,0.0,0.0
8a456da23c0ffff,1.0,0.0,0.0,0.0,0.0,0.0
8a456da23c17fff,29.0,0.0,2.0,1.0,0.0,0.0
8a456da23c1ffff,6.0,0.0,0.0,0.0,0.0,0.0
8a456da23c27fff,1.0,0.0,0.0,0.0,0.0,0.0
8a456da23c2ffff,1.0,0.0,0.0,0.0,0.0,0.0
8a456da23c37fff,3.0,0.0,0.0,0.0,0.0,0.0
8a456da23c47fff,2.0,0.0,0.0,0.0,0.0,0.0
8a456da23c4ffff,3.0,0.0,0.0,0.0,0.0,0.0
8a456da23c5ffff,1.0,0.0,0.0,0.0,0.0,0.0
8a456da23c67fff,3.0,0.0,0.0,0.0,0.0,0.0
8a456da23c77fff,2.0,0.0,0.0,0.0,0.0,0.0
8a456da23c87fff,4.0,0.0,0.0,0.0,0.0,1.0
8a456da23c8ffff,8.0,0.0,0.0,0.0,0.0,0.0
8a456da23c97fff,4.0,0.0,2.0,0.0,0.0,0.0
8a456da23c9ffff,4.0,0.0,0.0,0.0,0.0,0.0
8a456da23ca7fff,6.0,0.0,0.0,0.0,0.0,0.0
8a456da23caffff,20.0,0.0,0.0,0.0,0.0,0.0
8a456da23cb7fff,2.0,0.0,0.0,0.0,0.0,0.0
8a456da23cc7fff,7.0,0.0,0.0,0.0,0.0,0.0
8a456da23ccffff,5.0,0.0,0.0,0.0,0.0,0.0
8a456da23cd7fff,4.0,0.0,0.0,0.0,0.0,0.0
8a456da23cdffff,2.0,0.0,0.0,0.0,0.0,0.0
8a456da23ce7fff,8.0,0.0,0.0,0.0,0.0,0.0
8a456da23cf7fff,22.0,0.0,0.0,0.0,0.0,0.0
8a456da23d07fff,7.0,0.0,0.0,0.0,0.0,0.0
8a456da23d0ffff,1.0,0.0,0.0,0.0,0.0,0.0
8a456da23d17fff,2.0,0.0,0.0,0.0,0.0,0.0
8a456da23d1ffff,7.0,0.0,0.0,0.0,0.0,0.0
8a456da23d27fff,18.0,0.0,0.0,0.0,0.0,0.0
8a456da23d2ffff,3.0,0.0,0.0,0.0,0.0,0.0
8a456da23d37fff,1.0,0.0,0.0,0.0,0.0,0.0
8a456da23d47fff,6.0,0.0,0.0,0.0,0.0,0.0
8a456da23d4ffff,2.0,0.0,0.0,0.0,0.0,0.0
8a456da23d57fff,4.0,0.0,0.0,0.0,0.0,0.0
8a456da23d5ffff,2.0,0.0,0.0,0.0,0.0,0.0
8a456da23d67fff,2.0,0.0,0.0,0.0,0.0,0.0
8a456da23d6ffff,1.0,0.0,0.0,0.0,0.0,0.0
8a456da23d77fff,3.0,0.0,0.0,0.0,0.0,0.0
8a456da23d87fff,4.0,0.0,7.0,0.0,0.0,0.0
8a456da23d8ffff,8.0,0.0,0.0,0.0,0.0,1.0
8a456da23d97fff,0.0,0.0,0.0,0.0,0.0,0.0
8a456da23d9ffff,1.0,0.0,0.0,0.0,0.0,0.0
8a456da23da7fff,2.0,0.0,0.0,0.0,0.0,0.0
8a456da23daffff,1.0,0.0,0.0,0.0,0.0,0.0
8a456da23db7fff,3.0,0.0,0.0,0.0,0.0,0.0
8a456da2409ffff,1.0,0.0,0.0,0.0,0.0,0.0
8a456da24287fff,1.0,0.0,0.0,0.0,0.0,0.0
8a456da2428ffff,1.0,0.0,0.0,0.0,0.0,0.0
8a456da24297fff,1.0,0.0,0.0,0.0,0.0,0.0
8a456da2441ffff,4.0,0.0,0.0,0.0,0.0,0.0
8a456da2442ffff,0.0,0.0,0.0,0.0,0.0,1.0
8a456da2444ffff,3.0,0.0,0.0,0.0,0.0,0.0
8a456da24457fff,1.0,0.0,0.0,0.0,0.0,0.0
8a456da2445ffff,8.0,0.0,0.0,0.0,0.0,2.0
8a456da2448ffff,1.0,0.0,0.0,0.0,0.0,0.0
8a456da24497fff,1.0,0.0,0.0,0.0,0.0,0.0
8a456da2449ffff,2.0,0.0,0.0,0.0,0.0,0.0
8a456da244a7fff,1.0,0.0,0.0,0.0,0.0,0.0
8a456da244affff,1.0,0.0,0.0,0.0,0.0,0.0
8a456da244b7fff,3.0,0.0,0.0,0.0,0.0,0.0
8a456da244c7fff,3.0,0.0,0.0,0.0,0.0,0.0
8a456da244cffff,1.0,0.0,0.0,0.0,0.0,0.0
8a456da244d7fff,1.0,0.0,0.0,0.0,0.0,0.0
8a456da244dffff,5.0,0.0,0.0,0.0,0.0,0.0
8a456da244e7fff,4.0,0.0,0.0,0.0,0.0,0.0
8a456da244effff,1.0,0.0,0.0,0.0,0.0,0.0
8a456da244f7fff,2.0,0.0,0.0,0.0,0.0,0.0
8a456da2454ffff,0.0,0.0,0.0,0.0,0.0,1.0
8a456da2459ffff,2.0,0.0,0.0,0.0,0.0,0.0
8a456da24607fff,7.0,0.0,0.0,0.0,0.0,0.0
8a456da24617fff,2.0,0.0,0.0,0.0,0.0,0.0
8a456da24627fff,1.0,0.0,0.0,0.0,0.0,0.0
8a456da24667fff,1.0,0.0,0.0,0.0,0.0,0.0
8a456da24687fff,3.0,0.0,0.0,0.0,0.0,0.0
8a456da2468ffff,4.0,0.0,0.0,0.0,0.0,0.0
8a456da24697fff,3.0,0.0,1.0,0.0,1.0,0.0
8a456da2469ffff,9.0,0.0,1.0,0.0,0.0,0.0
8a456da246a7fff,19.0,0.0,0.0,0.0,0.0,0.0
8a456da246b7fff,4.0,0.0,0.0,0.0,0.0,0.0
8a456da246c7fff,1.0,0.0,0.0,0.0,0.0,0.0
8a456da246cffff,3.0,0.0,0.0,0.0,0.0,0.0
8a456da246d7fff,2.0,0.0,0.0,0.0,0.0,0.0
8a456da246e7fff,9.0,0.0,1.0,0.0,1.0,0.0
8a456da246effff,1.0,1.0,0.0,0.0,0.0,0.0
8a456da246f7fff,8.0,0.0,3.0,0.0,2.0,0.0
8a456da24707fff,1.0,0.0,0.0,0.0,0.0,0.0
8a456da24717fff,5.0,0.0,0.0,0.0,0.0,0.0
8a456da2471ffff,7.0,0.0,0.0,0.0,0.0,0.0
8a456da24787fff,10.0,0.0,0.0,0.0,0.0,1.0
8a456da2478ffff,3.0,0.0,0.0,0.0,0.0,0.0
8a456da2479ffff,9.0,0.0,1.0,0.0,1.0,1.0
8a456da247a7fff,22.0,0.0,0.0,0.0,0.0,14.0
8a456da247affff,1.0,0.0,0.0,0.0,0.0,4.0
8a456da24b8ffff,1.0,0.0,0.0,0.0,0.0,0.0
8a456da25427fff,0.0,0.0,0.0,0.0,0.0,1.0
8a456da26007fff,1.0,0.0,0.0,0.0,0.0,0.0
8a456da2600ffff,1.0,0.0,1.0,0.0,1.0,0.0
8a456da2601ffff,4.0,0.0,0.0,0.0,0.0,0.0
8a456da26027fff,1.0,0.0,0.0,0.0,0.0,0.0
8a456da2602ffff,5.0,0.0,0.0,0.0,0.0,0.0
8a456da26037fff,2.0,0.0,0.0,0.0,0.0,0.0
8a456da26047fff,1.0,0.0,0.0,0.0,0.0,0.0
8a456da2604ffff,2.0,0.0,0.0,0.0,0.0,1.0
8a456da26067fff,2.0,0.0,0.0,0.0,0.0,0.0
8a456da26077fff,2.0,0.0,0.0,0.0,0.0,0.0
8a456da26087fff,1.0,0.0,2.0,0.0,0.0,0.0
8a456da26097fff,3.0,0.0,2.0,0.0,2.0,0.0
8a456da2609ffff,1.0,0.0,0.0,0.0,0.0,0.0
8a456da260a7fff,2.0,0.0,0.0,0.0,0.0,0.0
8a456da260affff,9.0,0.0,2.0,0.0,0.0,1.0
8a456da260b7fff,2.0,0.0,0.0,0.0,0.0,1.0
8a456da260c7fff,0.0,0.0,0.0,0.0,0.0,0.0
8a456da260cffff,2.0,0.0,0.0,0.0,0.0,0.0
8a456da260d7fff,9.0,0.0,1.0,0.0,1.0,0.0
8a456da260e7fff,5.0,0.0,0.0,0.0,0.0,0.0
8a456da260f7fff,3.0,0.0,1.0,1.0,0.0,0.0
8a456da26107fff,6.0,0.0,0.0,0.0,0.0,0.0
8a456da2610ffff,7.0,1.0,1.0,0.0,1.0,0.0
8a456da26117fff,19.0,0.0,0.0,0.0,0.0,0.0
8a456da2611ffff,14.0,0.0,0.0,0.0,0.0,0.0
8a456da26127fff,6.0,0.0,0.0,0.0,0.0,0.0
8a456da2612ffff,8.0,0.0,0.0,0.0,0.0,0.0
8a456da26137fff,5.0,0.0,0.0,0.0,0.0,0.0
8a456da26147fff,13.0,0.0,4.0,0.0,1.0,0.0
8a456da2614ffff,8.0,0.0,0.0,0.0,0.0,0.0
8a456da26157fff,14.0,0.0,0.0,0.0,0.0,1.0
8a456da2615ffff,7.0,0.0,0.0,0.0,0.0,0.0
8a456da26167fff,7.0,0.0,2.0,0.0,1.0,0.0
8a456da2616ffff,6.0,1.0,0.0,0.0,0.0,0.0
8a456da26177fff,5.0,0.0,1.0,1.0,0.0,0.0
8a456da26187fff,30.0,0.0,1.0,1.0,0.0,0.0
8a456da2618ffff,13.0,1.0,1.0,0.0,1.0,0.0
8a456da26197fff,9.0,0.0,0.0,0.0,0.0,1.0
8a456da2619ffff,18.0,1.0,1.0,1.0,0.0,0.0
8a456da261a7fff,21.0,0.0,0.0,0.0,0.0,0.0
8a456da261affff,8.0,0.0,0.0,0.0,0.0,0.0
8a456da261b7fff,13.0,0.0,0.0,0.0,0.0,0.0
8a456da26207fff,8.0,0.0,0.0,0.0,0.0,0.0
8a456da26217fff,4.0,0.0,0.0,0.0,0.0,0.0
8a456da2621ffff,6.0,0.0,0.0,0.0,0.0,0.0
8a456da26227fff,4.0,0.0,0.0,0.0,0.0,0.0
8a456da2622ffff,5.0,1.0,1.0,0.0,0.0,0.0
8a456da26237fff,7.0,0.0,0.0,0.0,0.0,0.0
8a456da26257fff,4.0,0.0,0.0,0.0,0.0,0.0
8a456da2625ffff,6.0,0.0,0.0,0.0,0.0,0.0
8a456da26267fff,5.0,0.0,0.0,0.0,0.0,0.0
8a456da2626ffff,2.0,0.0,0.0,0.0,0.0,0.0
8a456da26277fff,2.0,0.0,0.0,0.0,0.0,0.0
8a456da26287fff,3.0,0.0,0.0,0.0,0.0,0.0
8a456da26297fff,9.0,1.0,4.0,0.0,2.0,0.0
8a456da2629ffff,4.0,0.0,1.0,0.0,1.0,0.0
8a456da262a7fff,2.0,0.0,1.0,0.0,1.0,0.0
8a456da262affff,2.0,0.0,0.0,0.0,0.0,1.0
8a456da262b7fff,3.0,0.0,0.0,0.0,0.0,0.0
8a456da262c7fff,6.0,0.0,0.0,0.0,0.0,0.0
8a456da262cffff,0.0,0.0,1.0,0.0,1.0,0.0
8a456da262d7fff,7.0,0.0,0.0,0.0,0.0,0.0
8a456da262dffff,3.0,0.0,0.0,0.0,0.0,0.0
8a456da262f7fff,1.0,0.0,0.0,0.0,0.0,0.0
8a456da26307fff,5.0,0.0,0.0,0.0,0.0,0.0
8a456da2630ffff,3.0,0.0,0.0,0.0,0.0,0.0
8a456da2631ffff,2.0,0.0,0.0,0.0,0.0,0.0
8a456da26327fff,3.0,0.0,0.0,0.0,0.0,0.0
8a456da2632ffff,2.0,0.0,0.0,0.0,0.0,0.0
8a456da26337fff,1.0,0.0,0.0,0.0,0.0,0.0
8a456da2635ffff,1.0,0.0,0.0,0.0,0.0,0.0
8a456da2636ffff,1.0,0.0,0.0,0.0,0.0,0.0
8a456da26387fff,4.0,0.0,1.0,0.0,1.0,0.0
8a456da2638ffff,2.0,0.0,0.0,0.0,0.0,0.0
8a456da26397fff,2.0,0.0,0.0,0.0,0.0,0.0
8a456da2639ffff,1.0,0.0,0.0,0.0,0.0,0.0
8a456da263a7fff,1.0,0.0,0.0,0.0,0.0,0.0
8a456da263affff,5.0,0.0,0.0,0.0,0.0,0.0
8a456da263b7fff,4.0,0.0,0.0,0.0,0.0,0.0
8a456da26407fff,4.0,0.0,2.0,0.0,0.0,0.0
8a456da2640ffff,2.0,0.0,0.0,0.0,0.0,0.0
8a456da26417fff,1.0,0.0,0.0,0.0,0.0,0.0
8a456da26427fff,2.0,0.0,0.0,0.0,0.0,0.0
8a456da2642ffff,1.0,0.0,0.0,0.0,0.0,0.0
8a456da26437fff,9.0,0.0,0.0,0.0,0.0,0.0
8a456da26447fff,7.0,0.0,0.0,0.0,0.0,0.0
8a456da2644ffff,4.0,1.0,0.0,0.0,0.0,1.0
8a456da26457fff,9.0,0.0,0.0,0.0,0.0,0.0
8a456da2645ffff,2.0,0.0,0.0,0.0,0.0,0.0
8a456da26467fff,6.0,0.0,9.0,0.0,0.0,0.0
8a456da2646ffff,2.0,0.0,0.0,0.0,0.0,0.0
8a456da26477fff,14.0,0.0,1.0,0.0,0.0,0.0
8a456da26487fff,1.0,0.0,0.0,0.0,0.0,0.0
8a456da2648ffff,2.0,0.0,0.0,0.0,0.0,0.0
8a456da26497fff,7.0,0.0,0.0,0.0,0.0,0.0
8a456da2649ffff,2.0,0.0,0.0,0.0,0.0,0.0
8a456da264a7fff,2.0,0.0,0.0,0.0,0.0,0.0
8a456da264affff,2.0,0.0,0.0,0.0,0.0,1.0
8a456da264b7fff,3.0,0.0,0.0,0.0,0.0,0.0
8a456da264c7fff,21.0,0.0,1.0,0.0,1.0,0.0
8a456da264cffff,6.0,0.0,0.0,0.0,0.0,0.0
8a456da264d7fff,1.0,0.0,0.0,0.0,0.0,0.0
8a456da264dffff,6.0,0.0,0.0,0.0,0.0,0.0
8a456da264e7fff,2.0,0.0,0.0,0.0,0.0,0.0
8a456da264effff,3.0,0.0,1.0,0.0,1.0,0.0
8a456da264f7fff,1.0,0.0,0.0,0.0,0.0,0.0
8a456da26507fff,1.0,0.0,0.0,0.0,0.0,0.0
8a456da2650ffff,2.0,0.0,0.0,0.0,0.0,0.0
8a456da26517fff,5.0,0.0,0.0,0.0,0.0,0.0
8a456da2651ffff,2.0,0.0,0.0,0.0,0.0,0.0
8a456da2652ffff,5.0,0.0,0.0,0.0,0.0,0.0
8a456da26537fff,0.0,0.0,0.0,0.0,0.0,0.0
8a456da2654ffff,7.0,0.0,1.0,1.0,0.0,0.0
8a456da26557fff,2.0,1.0,0.0,0.0,0.0,0.0
8a456da2655ffff,3.0,0.0,0.0,0.0,0.0,0.0
8a456da26567fff,2.0,0.0,0.0,0.0,0.0,0.0
8a456da2656ffff,3.0,0.0,1.0,1.0,0.0,0.0
8a456da26577fff,1.0,0.0,0.0,0.0,0.0,0.0
8a456da2658ffff,3.0,0.0,0.0,0.0,0.0,0.0
8a456da2659ffff,1.0,0.0,0.0,0.0,0.0,0.0
8a456da265a7fff,1.0,0.0,0.0,0.0,0.0,0.0
8a456da265affff,5.0,0.0,0.0,0.0,0.0,0.0
8a456da26607fff,1.0,0.0,0.0,0.0,0.0,0.0
8a456da2660ffff,4.0,0.0,0.0,0.0,0.0,0.0
8a456da2661ffff,3.0,0.0,2.0,0.0,2.0,0.0
8a456da26627fff,5.0,0.0,0.0,0.0,0.0,0.0
8a456da2662ffff,2.0,0.0,0.0,0.0,0.0,0.0
8a456da26637fff,3.0,0.0,0.0,0.0,0.0,0.0
8a456da26647fff,7.0,0.0,0.0,0.0,0.0,0.0
8a456da26657fff,1.0,0.0,0.0,0.0,0.0,0.0
8a456da2665ffff,3.0,0.0,0.0,0.0,0.0,0.0
8a456da26667fff,8.0,0.0,0.0,0.0,0.0,0.0
8a456da2666ffff,4.0,0.0,0.0,0.0,0.0,0.0
8a456da26677fff,5.0,0.0,0.0,0.0,0.0,0.0
8a456da26687fff,3.0,0.0,0.0,0.0,0.0,0.0
8a456da26697fff,1.0,0.0,0.0,0.0,0.0,0.0
8a456da266a7fff,2.0,0.0,0.0,0.0,0.0,0.0
8a456da266affff,1.0,0.0,0.0,0.0,0.0,0.0
8a456da266b7fff,2.0,0.0,0.0,0.0,0.0,0.0
8a456da266c7fff,5.0,0.0,1.0,1.0,0.0,0.0
8a456da266cffff,1.0,0.0,0.0,0.0,0.0,0.0
8a456da266dffff,2.0,0.0,0.0,0.0,0.0,0.0
8a456da266e7fff,5.0,0.0,0.0,0.0,0.0,0.0
8a456da266effff,3.0,0.0,0.0,0.0,0.0,0.0
8a456da266f7fff,2.0,0.0,0.0,0.0,0.0,0.0
8a456da26707fff,5.0,0.0,0.0,0.0,0.0,0.0
8a456da2670ffff,5.0,0.0,0.0,0.0,0.0,0.0
8a456da26717fff,9.0,0.0,1.0,0.0,0.0,0.0
8a456da2671ffff,6.0,0.0,0.0,0.0,0.0,0.0
8a456da26727fff,2.0,0.0,0.0,0.0,0.0,0.0
8a456da2672ffff,8.0,0.0,0.0,0.0,0.0,0.0
8a456da26737fff,5.0,0.0,0.0,0.0,0.0,0.0
8a456da2674ffff,3.0,0.0,2.0,0.0,0.0,0.0
8a456da26757fff,4.0,0.0,0.0,0.0,0.0,0.0
8a456da2675ffff,15.0,0.0,1.0,0.0,1.0,0.0
8a456da26767fff,1.0,0.0,0.0,0.0,0.0,0.0
8a456da26777fff,2.0,0.0,0.0,0.0,0.0,0.0
8a456da26787fff,3.0,0.0,0.0,0.0,0.0,0.0
8a456da2678ffff,6.0,0.0,4.0,0.0,0.0,0.0
8a456da26797fff,2.0,0.0,0.0,0.0,0.0,0.0
8a456da2679ffff,4.0,0.0,0.0,0.0,0.0,0.0
8a456da267a7fff,2.0,0.0,0.0,0.0,0.0,0.0
8a456da267affff,1.0,0.0,0.0,0.0,0.0,0.0
8a456da267b7fff,3.0,0.0,0.0,0.0,0.0,0.0
8a456da26807fff,2.0,0.0,0.0,0.0,0.0,0.0
8a456da2681ffff,1.0,0.0,0.0,0.0,0.0,0.0
8a456da26827fff,0.0,0.0,0.0,0.0,0.0,0.0
8a456da26837fff,3.0,0.0,0.0,0.0,0.0,0.0
8a456da26847fff,2.0,0.0,0.0,0.0,0.0,0.0
8a456da2684ffff,2.0,0.0,1.0,0.0,1.0,0.0
8a456da2685ffff,1.0,1.0,0.0,0.0,0.0,0.0
8a456da26867fff,1.0,0.0,0.0,0.0,0.0,0.0
8a456da2686ffff,2.0,0.0,0.0,0.0,0.0,0.0
8a456da26877fff,6.0,0.0,0.0,0.0,0.0,0.0
8a456da26887fff,12.0,0.0,1.0,0.0,1.0,1.0
8a456da2688ffff,8.0,0.0,0.0,0.0,0.0,0.0
8a456da26897fff,9.0,0.0,0.0,0.0,0.0,0.0
8a456da2689ffff,6.0,0.0,0.0,0.0,0.0,0.0
8a456da268a7fff,3.0,0.0,0.0,0.0,0.0,0.0
8a456da268affff,1.0,0.0,0.0,0.0,0.0,0.0
8a456da268b7fff,11.0,0.0,1.0,0.0,1.0,0.0
8a456da268c7fff,3.0,1.0,0.0,0.0,0.0,0.0
8a456da268cffff,6.0,0.0,0.0,0.0,0.0,0.0
8a456da268d7fff,2.0,0.0,0.0,0.0,0.0,0.0
8a456da268dffff,2.0,0.0,0.0,0.0,0.0,0.0
8a456da268e7fff,2.0,0.0,0.0,0.0,0.0,0.0
8a456da268effff,7.0,0.0,0.0,0.0,0.0,0.0
8a456da268f7fff,11.0,0.0,1.0,0.0,0.0,0.0
8a456da26907fff,1.0,0.0,0.0,0.0,0.0,0.0
8a456da2690ffff,3.0,0.0,0.0,0.0,0.0,0.0
8a456da26917fff,7.0,0.0,0.0,0.0,0.0,0.0
8a456da26927fff,2.0,0.0,0.0,0.0,0.0,0.0
8a456da2692ffff,1.0,0.0,0.0,0.0,0.0,0.0
8a456da26937fff,5.0,0.0,0.0,0.0,0.0,0.0
8a456da26947fff,1.0,0.0,0.0,0.0,0.0,0.0
8a456da26967fff,1.0,0.0,0.0,0.0,0.0,0.0
8a456da26977fff,1.0,0.0,0.0,0.0,0.0,0.0
8a456da26987fff,8.0,0.0,0.0,0.0,0.0,0.0
8a456da2698ffff,4.0,0.0,0.0,0.0,0.0,0.0
8a456da26997fff,2.0,0.0,0.0,0.0,0.0,0.0
8a456da2699ffff,3.0,0.0,0.0,0.0,0.0,0.0
8a456da269a7fff,6.0,0.0,0.0,0.0,0.0,1.0
8a456da269affff,9.0,0.0,0.0,0.0,0.0,0.0
8a456da269b7fff,1.0,0.0,0.0,0.0,0.0,0.0
8a456da26a07fff,4.0,0.0,0.0,0.0,0.0,0.0
8a456da26a0ffff,2.0,0.0,0.0,0.0,0.0,0.0
8a456da26a17fff,4.0,0.0,0.0,0.0,0.0,0.0
8a456da26a1ffff,11.0,0.0,0.0,0.0,0.0,0.0
8a456da26a27fff,4.0,0.0,0.0,0.0,0.0,0.0
8a456da26a2ffff,3.0,0.0,0.0,0.0,0.0,0.0
8a456da26a37fff,2.0,0.0,0.0,0.0,0.0,0.0
8a456da26a47fff,3.0,0.0,0.0,0.0,0.0,0.0
8a456da26a4ffff,6.0,0.0,0.0,0.0,0.0,1.0
8a456da26a57fff,8.0,0.0,4.0,0.0,0.0,0.0
8a456da26a5ffff,2.0,0.0,0.0,0.0,0.0,0.0
8a456da26a6ffff,8.0,0.0,0.0,0.0,0.0,0.0
8a456da26a77fff,2.0,0.0,0.0,0.0,0.0,0.0
8a456da26a87fff,4.0,0.0,1.0,0.0,0.0,0.0
8a456da26a8ffff,5.0,0.0,0.0,0.0,0.0,0.0
8a456da26a97fff,1.0,0.0,0.0,0.0,0.0,0.0
8a456da26a9ffff,3.0,0.0,0.0,0.0,0.0,0.0
8a456da26aa7fff,5.0,0.0,0.0,0.0,0.0,0.0
8a456da26aaffff,1.0,0.0,0.0,0.0,0.0,0.0
8a456da26ab7fff,2.0,0.0,0.0,0.0,0.0,0.0
8a456da26ac7fff,5.0,0.0,5.0,0.0,0.0,0.0
8a456da26acffff,4.0,0.0,0.0,0.0,0.0,0.0
8a456da26ad7fff,3.0,0.0,0.0,0.0,0.0,0.0
8a456da26ae7fff,21.0,0.0,3.0,0.0,1.0,0.0
8a456da26aeffff,10.0,0.0,0.0,0.0,0.0,0.0
8a456da26af7fff,18.0,0.0,0.0,0.0,0.0,0.0
8a456da26b07fff,2.0,1.0,1.0,1.0,0.0,0.0
8a456da26b0ffff,5.0,0.0,1.0,0.0,0.0,0.0
8a456da26b17fff,2.0,0.0,0.0,0.0,0.0,0.0
8a456da26b1ffff,1.0,0.0,0.0,0.0,0.0,0.0
8a456da26b2ffff,1.0,0.0,0.0,0.0,0.0,0.0
8a456da26b37fff,3.0,0.0,0.0,0.0,0.0,0.0
8a456da26b47fff,3.0,0.0,0.0,0.0,0.0,0.0
8a456da26b4ffff,1.0,0.0,0.0,0.0,0.0,0.0
8a456da26b57fff,3.0,0.0,0.0,0.0,0.0,0.0
8a456da26b5ffff,2.0,0.0,0.0,0.0,0.0,0.0
8a456da26b67fff,2.0,0.0,0.0,0.0,0.0,0.0
8a456da26b6ffff,1.0,0.0,0.0,0.0,0.0,0.0
8a456da26b77fff,2.0,0.0,0.0,0.0,0.0,0.0
8a456da26b87fff,1.0,0.0,0.0,0.0,0.0,0.0
8a456da26b8ffff,1.0,0.0,0.0,0.0,0.0,0.0
8a456da26b97fff,4.0,0.0,0.0,0.0,0.0,0.0
8a456da26b9ffff,5.0,0.0,0.0,0.0,0.0,0.0
8a456da26ba7fff,1.0,0.0,0.0,0.0,0.0,0.0
8a456da26baffff,1.0,0.0,0.0,0.0,0.0,0.0
8a456da26bb7fff,4.0,0.0,0.0,0.0,0.0,0.0
8a456da26c07fff,4.0,0.0,0.0,0.0,0.0,0.0
8a456da26c0ffff,8.0,0.0,0.0,0.0,0.0,0.0
8a456da26c1ffff,8.0,0.0,0.0,0.0,0.0,0.0
8a456da26c2ffff,2.0,0.0,0.0,0.0,0.0,0.0
8a456da26c37fff,0.0,0.0,0.0,0.0,0.0,0.0
8a456da26c47fff,19.0,0.0,0.0,0.0,0.0,0.0
8a456da26c4ffff,10.0,0.0,0.0,0.0,0.0,0.0
8a456da26c57fff,5.0,0.0,0.0,0.0,0.0,0.0
8a456da26c5ffff,14.0,0.0,0.0,0.0,0.0,0.0
8a456da26c67fff,16.0,0.0,0.0,0.0,0.0,0.0
8a456da26c6ffff,10.0,0.0,1.0,1.0,0.0,0.0
8a456da26c77fff,5.0,0.0,1.0,0.0,0.0,0.0
8a456da26c8ffff,2.0,0.0,0.0,0.0,0.0,0.0
8a456da26c9ffff,0.0,0.0,0.0,0.0,0.0,0.0
8a456da26caffff,1.0,0.0,0.0,0.0,0.0,0.0
8a456da26cc7fff,3.0,0.0,0.0,0.0,0.0,0.0
8a456da26cdffff,1.0,0.0,0.0,0.0,0.0,0.0
8a456da26ce7fff,6.0,0.0,0.0,0.0,0.0,0.0
8a456da26ceffff,2.0,0.0,0.0,0.0,0.0,0.0
8a456da26cf7fff,4.0,0.0,0.0,0.0,0.0,0.0
8a456da26d07fff,1.0,0.0,0.0,0.0,0.0,0.0
8a456da26d0ffff,2.0,0.0,0.0,0.0,0.0,0.0
8a456da26d17fff,1.0,0.0,0.0,0.0,0.0,0.0
8a456da26d1ffff,1.0,0.0,0.0,0.0,0.0,0.0
8a456da26d2ffff,1.0,0.0,0.0,0.0,0.0,0.0
8a456da26d47fff,7.0,0.0,1.0,0.0,1.0,0.0
8a456da26d57fff,2.0,0.0,0.0,0.0,0.0,0.0
8a456da26d67fff,1.0,0.0,0.0,0.0,0.0,0.0
8a456da26d6ffff,2.0,0.0,0.0,0.0,0.0,0.0
8a456da30017fff,3.0,0.0,0.0,0.0,0.0,0.0
8a456da3001ffff,3.0,0.0,0.0,0.0,0.0,0.0
8a456da300affff,1.0,0.0,0.0,0.0,0.0,0.0
8a456da300effff,1.0,0.0,0.0,0.0,0.0,0.0
8a456da30187fff,1.0,0.0,0.0,0.0,0.0,0.0
8a456da3018ffff,1.0,0.0,0.0,0.0,0.0,0.0
8a456da301b7fff,2.0,0.0,0.0,0.0,0.0,0.0
8a456da3020ffff,1.0,0.0,0.0,0.0,0.0,0.0
8a456da30217fff,1.0,0.0,0.0,0.0,0.0,0.0
8a456da3021ffff,2.0,0.0,0.0,0.0,0.0,0.0
8a456da30277fff,0.0,0.0,0.0,0.0,0.0,1.0
8a456da302e7fff,5.0,0.0,0.0,0.0,0.0,0.0
8a456da302effff,1.0,0.0,0.0,0.0,0.0,0.0
8a456da3030ffff,2.0,0.0,0.0,0.0,0.0,0.0
8a456da3031ffff,1.0,0.0,0.0,0.0,0.0,0.0
8a456da30367fff,0.0,0.0,0.0,0.0,0.0,0.0
8a456da30377fff,2.0,0.0,0.0,0.0,0.0,0.0
8a456da30387fff,3.0,0.0,2.0,0.0,0.0,1.0
8a456da3038ffff,2.0,0.0,0.0,0.0,0.0,0.0
8a456da303affff,2.0,0.0,0.0,0.0,0.0,0.0
8a456da303b7fff,2.0,0.0,0.0,0.0,0.0,0.0
8a456da3081ffff,2.0,0.0,0.0,0.0,0.0,0.0
8a456da30857fff,1.0,0.0,0.0,0.0,0.0,0.0
8a456da3086ffff,1.0,0.0,0.0,0.0,0.0,0.0
8a456da30877fff,1.0,0.0,0.0,0.0,0.0,0.0
8a456da308c7fff,1.0,0.0,0.0,0.0,0.0,0.0
8a456da308cffff,1.0,0.0,0.0,0.0,0.0,0.0
8a456da308dffff,1.0,0.0,0.0,0.0,0.0,0.0
8a456da308e7fff,2.0,0.0,0.0,0.0,0.0,0.0
8a456da30a4ffff,1.0,0.0,0.0,0.0,0.0,0.0
8a456da30a5ffff,4.0,0.0,0.0,0.0,0.0,0.0
8a456da30ab7fff,0.0,0.0,0.0,0.0,0.0,1.0
8a456da30acffff,3.0,0.0,0.0,0.0,0.0,0.0
8a456da30aeffff,1.0,0.0,0.0,0.0,0.0,0.0
8a456da30bb7fff,1.0,0.0,0.0,0.0,0.0,0.0
8a456da30c57fff,1.0,0.0,0.0,0.0,0.0,0.0
8a456da30ce7fff,5.0,0.0,0.0,0.0,0.0,0.0
8a456da30ceffff,1.0,0.0,0.0,0.0,0.0,0.0
8a456da3104ffff,2.0,0.0,0.0,0.0,0.0,0.0
8a456da3106ffff,7.0,0.0,0.0,0.0,0.0,0.0
8a456da310effff,1.0,0.0,0.0,0.0,0.0,0.0
8a456da311b7fff,1.0,0.0,1.0,0.0,0.0,0.0
8a456da3120ffff,1.0,0.0,0.0,0.0,0.0,0.0
8a456da3122ffff,1.0,0.0,0.0,0.0,0.0,0.0
8a456da31247fff,4.0,0.0,0.0,0.0,0.0,0.0
8a456da3124ffff,1.0,0.0,0.0,0.0,0.0,0.0
8a456da31257fff,1.0,0.0,0.0,0.0,0.0,0.0
8a456da3125ffff,1.0,0.0,0.0,0.0,0.0,0.0
8a456da3126ffff,7.0,1.0,0.0,0.0,0.0,0.0
8a456da31277fff,1.0,0.0,0.0,0.0,0.0,0.0
8a456da312d7fff,1.0,0.0,0.0,0.0,0.0,0.0
8a456da312dffff,0.0,0.0,0.0,0.0,0.0,0.0
8a456da312f7fff,1.0,0.0,0.0,0.0,0.0,0.0
8a456da31367fff,1.0,0.0,0.0,0.0,0.0,0.0
8a456da31387fff,2.0,0.0,0.0,0.0,0.0,0.0
8a456da3138ffff,1.0,0.0,0.0,0.0,0.0,0.0
8a456da31397fff,5.0,0.0,0.0,0.0,0.0,0.0
8a456da313b7fff,13.0,0.0,1.0,0.0,0.0,0.0
8a456da3140ffff,2.0,0.0,0.0,0.0,0.0,0.0
8a456da31417fff,1.0,0.0,0.0,0.0,0.0,1.0
8a456da31457fff,3.0,0.0,1.0,0.0,1.0,0.0
8a456da314e7fff,3.0,0.0,0.0,0.0,0.0,0.0
8a456da314effff,1.0,0.0,0.0,0.0,0.0,0.0
8a456da31587fff,1.0,0.0,0.0,0.0,0.0,2.0
8a456da315b7fff,1.0,0.0,0.0,0.0,0.0,1.0
8a456da31607fff,2.0,0.0,0.0,0.0,0.0,0.0
8a456da3160ffff,1.0,0.0,0.0,0.0,0.0,0.0
8a456da3161ffff,4.0,0.0,0.0,0.0,0.0,0.0
8a456da3162ffff,1.0,0.0,0.0,0.0,0.0,0.0
8a456da316cffff,1.0,0.0,0.0,0.0,0.0,0.0
8a456da316f7fff,2.0,0.0,0.0,0.0,0.0,0.0
8a456da31747fff,2.0,0.0,0.0,0.0,0.0,0.0
8a456da31757fff,2.0,0.0,0.0,0.0,0.0,0.0
8a456da317b7fff,1.0,0.0,0.0,0.0,0.0,0.0
8a456da31a17fff,9.0,0.0,2.0,0.0,2.0,1.0
8a456da31a1ffff,0.0,0.0,0.0,0.0,0.0,0.0
8a456da31a27fff,3.0,0.0,0.0,0.0,0.0,0.0
8a456da31a2ffff,1.0,0.0,0.0,0.0,0.0,0.0
8a456da31a37fff,1.0,0.0,0.0,0.0,0.0,0.0
8a456da31a47fff,2.0,0.0,0.0,0.0,0.0,0.0
8a456da31a57fff,1.0,0.0,0.0,0.0,0.0,0.0
8a456da31a6ffff,0.0,0.0,0.0,0.0,0.0,1.0
8a456da31a9ffff,1.0,0.0,0.0,0.0,0.0,0.0
8a456da31aa7fff,2.0,0.0,0.0,0.0,0.0,0.0
8a456da31aaffff,4.0,0.0,0.0,0.0,0.0,0.0
8a456da31ae7fff,1.0,0.0,2.0,0.0,0.0,0.0
8a456da31aeffff,5.0,0.0,0.0,0.0,0.0,0.0
8a456da31b0ffff,2.0,0.0,0.0,0.0,0.0,0.0
8a456da31b1ffff,0.0,0.0,0.0,0.0,0.0,0.0
8a456da31b57fff,1.0,0.0,0.0,0.0,0.0,0.0
8a456da31b5ffff,1.0,0.0,0.0,0.0,0.0,0.0
8a456da31b67fff,1.0,0.0,0.0,0.0,0.0,0.0
8a456da31b6ffff,1.0,0.0,0.0,0.0,0.0,0.0
8a456da31c37fff,4.0,0.0,0.0,0.0,0.0,1.0
8a456da31c5ffff,1.0,0.0,0.0,0.0,0.0,0.0
8a456da31d07fff,1.0,0.0,0.0,0.0,0.0,0.0
8a456da31d37fff,2.0,0.0,0.0,0.0,0.0,0.0
8a456da31d87fff,1.0,0.0,0.0,0.0,0.0,0.0
8a456da31da7fff,4.0,0.0,0.0,0.0,0.0,0.0
8a456da31daffff,1.0,0.0,0.0,0.0,0.0,0.0
8a456da31db7fff,2.0,0.0,0.0,0.0,0.0,0.0
8a456da3504ffff,1.0,0.0,0.0,0.0,0.0,0.0
8a456da3506ffff,1.0,0.0,0.0,0.0,0.0,0.0
8a456da3522ffff,1.0,0.0,0.0,0.0,0.0,0.0
8a456da3530ffff,1.0,0.0,0.0,0.0,0.0,0.0
8a456da35317fff,2.0,0.0,0.0,0.0,0.0,0.0
8a456da35327fff,1.0,0.0,0.0,0.0,0.0,0.0
8a456da3532ffff,1.0,0.0,0.0,0.0,0.0,0.0
8a456da35347fff,5.0,0.0,0.0,0.0,0.0,0.0
8a456da3534ffff,2.0,0.0,0.0,0.0,0.0,0.0
8a456da35367fff,4.0,0.0,0.0,0.0,0.0,0.0
8a456da3536ffff,1.0,0.0,0.0,0.0,0.0,0.0
8a456da35377fff,2.0,0.0,0.0,0.0,0.0,0.0
8a456da35397fff,12.0,0.0,0.0,0.0,0.0,0.0
8a456da353a7fff,1.0,0.0,0.0,0.0,0.0,0.0
8a456da35427fff,2.0,0.0,0.0,0.0,0.0,0.0
8a456da35487fff,4.0,0.0,0.0,0.0,0.0,0.0
8a456da35497fff,8.0,0.0,0.0,0.0,0.0,0.0
8a456da3549ffff,2.0,0.0,0.0,0.0,0.0,0.0
8a456da354b7fff,1.0,0.0,0.0,0.0,0.0,0.0
8a456da3560ffff,2.0,0.0,0.0,0.0,0.0,0.0
8a456da3561ffff,1.0,0.0,0.0,0.0,0.0,0.0
8a456da3562ffff,4.0,0.0,1.0,1.0,0.0,0.0
8a456da3568ffff,2.0,0.0,0.0,0.0,0.0,0.0
8a456da3569ffff,12.0,0.0,0.0,0.0,0.0,0.0
8a456da356affff,0.0,0.0,1.0,0.0,0.0,0.0
8a456da35747fff,4.0,0.0,0.0,0.0,0.0,0.0
8a456da3574ffff,3.0,0.0,0.0,0.0,0.0,0.0
8a456da3575ffff,5.0,0.0,0.0,0.0,0.0,0.0
8a456da3576ffff,2.0,0.0,0.0,0.0,0.0,0.0
8a456da3580ffff,2.0,0.0,0.0,0.0,0.0,0.0
8a456da3581ffff,1.0,0.0,0.0,0.0,0.0,0.0
8a456da35847fff,1.0,0.0,0.0,0.0,0.0,0.0
8a456da3584ffff,1.0,0.0,0.0,0.0,0.0,0.0
8a456da35857fff,1.0,0.0,0.0,0.0,0.0,0.0
8a456da35867fff,1.0,0.0,0.0,0.0,0.0,0.0
8a456da3586ffff,4.0,0.0,0.0,0.0,0.0,0.0
8a456da358affff,2.0,0.0,0.0,0.0,0.0,0.0
8a456da3598ffff,1.0,0.0,0.0,0.0,0.0,0.0
8a456da35a0ffff,1.0,0.0,0.0,0.0,0.0,0.0
8a456da35a17fff,1.0,0.0,0.0,0.0,0.0,0.0
8a456da35a27fff,9.0,0.0,0.0,0.0,0.0,0.0
8a456da35a2ffff,1.0,0.0,0.0,0.0,0.0,0.0
8a456da35a37fff,4.0,0.0,0.0,0.0,0.0,0.0
8a456da35a47fff,3.0,0.0,0.0,0.0,0.0,0.0
8a456da35a57fff,1.0,0.0,1.0,0.0,0.0,0.0
8a456da35a5ffff,5.0,0.0,0.0,0.0,0.0,0.0
8a456da35a67fff,1.0,0.0,0.0,0.0,0.0,0.0
8a456da35a6ffff,8.0,0.0,0.0,0.0,0.0,0.0
8a456da35a87fff,2.0,0.0,0.0,0.0,0.0,0.0
8a456da35a9ffff,4.0,0.0,0.0,0.0,0.0,0.0
8a456da35aaffff,1.0,0.0,0.0,0.0,0.0,0.0
8a456da35ac7fff,4.0,0.0,0.0,0.0,0.0,1.0
8a456da35acffff,1.0,0.0,0.0,0.0,0.0,0.0
8a456da35ad7fff,6.0,0.0,0.0,0.0,0.0,0.0
8a456da35adffff,3.0,0.0,0.0,0.0,0.0,0.0
8a456da35ae7fff,4.0,0.0,1.0,0.0,0.0,0.0
8a456da35aeffff,4.0,0.0,0.0,0.0,0.0,0.0
8a456da35af7fff,1.0,0.0,0.0,0.0,0.0,0.0
8a456da35b07fff,2.0,0.0,0.0,0.0,0.0,0.0
8a456da35b0ffff,10.0,0.0,4.0,0.0,3.0,0.0
8a456da35b17fff,0.0,0.0,0.0,0.0,0.0,0.0
8a456da35b1ffff,3.0,0.0,0.0,0.0,0.0,0.0
8a456da35b2ffff,2.0,0.0,0.0,0.0,0.0,0.0
8a456da35b37fff,3.0,0.0,0.0,0.0,0.0,0.0
8a456da35b4ffff,1.0,0.0,0.0,0.0,0.0,0.0
8a456da35b57fff,2.0,0.0,0.0,0.0,0.0,0.0
8a456da35b5ffff,1.0,0.0,0.0,0.0,0.0,0.0
8a456da35b67fff,1.0,0.0,0.0,0.0,0.0,0.0
8a456da35b6ffff,1.0,0.0,0.0,0.0,0.0,0.0
8a456da35ba7fff,1.0,0.0,0.0,0.0,0.0,0.0
8a456da35baffff,1.0,0.0,0.0,0.0,0.0,0.0
8a456da35c4ffff,4.0,0.0,0.0,0.0,0.0,0.0
8a456db0a44ffff,1.0,0.0,0.0,0.0,0.0,0.0
8a456db0a62ffff,0.0,0.0,0.0,0.0,0.0,1.0
8a456db0a7affff,0.0,0.0,0.0,0.0,0.0,1.0
8a456db0b99ffff,1.0,0.0,0.0,0.0,0.0,0.0
8a456db19297fff,1.0,0.0,0.0,0.0,0.0,0.0
8a456db1929ffff,3.0,0.0,0.0,0.0,0.0,0.0
8a456db192b7fff,3.0,0.0,0.0,0.0,0.0,0.0
8a456db19387fff,1.0,0.0,0.0,0.0,0.0,0.0
8a456db19607fff,3.0,0.0,0.0,0.0,0.0,0.0
8a456db1960ffff,2.0,0.0,0.0,0.0,0.0,0.0
8a456db1961ffff,2.0,0.0,0.0,0.0,0.0,0.0
8a456db19627fff,1.0,0.0,0.0,0.0,0.0,0.0
8a456db1962ffff,3.0,0.0,0.0,0.0,0.0,0.0
8a456db19647fff,4.0,0.0,0.0,0.0,0.0,0.0
8a456db1964ffff,4.0,0.0,0.0,0.0,0.0,0.0
8a456db19657fff,1.0,0.0,0.0,0.0,0.0,0.0
8a456db1966ffff,2.0,0.0,1.0,0.0,0.0,0.0
8a456db19677fff,3.0,0.0,0.0,0.0,0.0,0.0
8a456db196e7fff,1.0,0.0,0.0,0.0,0.0,0.0
8a456db1970ffff,0.0,0.0,0.0,0.0,0.0,0.0
8a456db1972ffff,1.0,0.0,0.0,0.0,0.0,0.0
8a456db19747fff,1.0,0.0,0.0,0.0,0.0,0.0
8a456db1974ffff,2.0,0.0,0.0,0.0,0.0,0.0
8a456db1975ffff,2.0,0.0,0.0,0.0,0.0,0.0
8a456db19777fff,1.0,0.0,0.0,0.0,0.0,0.0
8a456db1b24ffff,2.0,0.0,0.0,0.0,0.0,0.0
8a456db1b26ffff,1.0,0.0,0.0,0.0,0.0,0.0
